number,value,datetime_start,datetime_complete,duration,params_A,params_B,params_C,params_D,params_Vmax,params_a_ub,params_h1,params_h2,user_attrs_IAE,user_attrs_IAE_0,user_attrs_IAE_1,user_attrs_IAE_2,user_attrs_best_mean_reward,user_attrs_best_mean_reward_0,user_attrs_best_mean_reward_1,user_attrs_best_mean_reward_2,user_attrs_sumA,system_attrs_completed_rung_0,system_attrs_completed_rung_1,state
0,,2025-08-15 01:41:40,2025-08-15 01:41:42,0 days 00:00:02,49.94120391826636,-0.5126739007139152,10.231150411004963,-0.0890015536487585,16.553901627861322,0.09547598494179566,1.7624640831085565,2.2450461455066217,,,,,,,,,,,,FAIL
1,,2025-08-15 01:54:16,2025-08-15 01:54:20,0 days 00:00:04,87.54826425700844,-0.506586632031489,79.71189880450015,-0.27104363487023575,4.239174969084304,0.8191565664201051,3.1182134881897734,1.8519309217581879,,,,,,,,,,,,FAIL
2,,2025-08-15 01:56:01,2025-08-15 02:02:30,0 days 00:06:29,44.99073641339058,-0.7819615488039651,28.63338155333205,-0.40595215696052145,13.80906925590781,0.9659601097276267,2.1733598330960118,1.2136753953258266,,,,,,,,,,,,FAIL
3,2.414865389559113,2025-08-15 02:03:01,2025-08-15 03:31:54,0 days 01:28:53,15.810569978065981,-0.792693780422324,44.517940635781414,-0.2152303163506063,24.569946092337915,0.9561978517204573,4.682572515912869,1.1675488318390115,,2.291246797290273,,,,1471.8126057166667,,,,2.414865389559113,,PRUNED
4,1.7333535881994493,2025-08-15 02:03:05,2025-08-15 02:49:38,0 days 00:46:33,75.114068256953,-0.04967965698606458,11.575030791436525,-0.6983192727739058,1.1178745398320356,0.708659263586764,1.5103082079697256,4.863573519913358,,,,,,,,,,1.7333535881994493,,PRUNED
5,1.0553002268504754,2025-08-15 02:03:09,2025-08-15 03:28:08,0 days 01:24:59,52.8900636903271,-0.31286311190123717,47.0613756220945,-0.23067942296779487,2.3647908006573735,0.2728024938592798,3.851749620893347,1.3347015701805751,,1.1981024212587579,,,,2366.61618436,,,,1.0553002268504754,,PRUNED
6,1.0935905800400214,2025-08-15 02:49:38,2025-08-15 03:32:44,0 days 00:43:06,63.257793415118236,-0.17786136015022813,42.371600847928406,-0.23840397632241128,13.181741228703153,0.6114347230611181,3.4879297321922804,2.124941603716791,,,,,,,,,,1.0935905800400214,,PRUNED
7,0.20860277046643605,2025-08-15 03:28:08,2025-08-15 04:39:36,0 days 01:11:28,90.60922368777194,-0.4011973873691287,35.86919268931563,-0.804763353021539,2.318353248062216,0.6967379918221652,4.773329054818733,2.432230221765177,,0.23524288048706357,,,,2819.8629196566667,,,,0.20860277046643605,,PRUNED
8,0.1558289886732941,2025-08-15 03:31:54,2025-08-15 04:53:03,0 days 01:21:09,93.06140973006967,-0.7766208734226582,97.54972908839308,-0.7769486229979785,6.124149309603189,0.07433204450215491,3.468940591242005,3.2193490761089665,,0.40225423800459104,,,,229.97534442000003,,,,0.1558289886732941,,PRUNED
9,1.6199917129137413,2025-08-15 03:32:44,2025-08-15 04:16:37,0 days 00:43:53,70.32982581407438,-0.4647084420708071,52.37698909757349,-0.2968632424277735,17.10010570514972,0.6592692069633592,1.6037524296588113,4.878357205438698,,,,,,,,,,1.6199917129137413,,PRUNED
10,0.167935797426802,2025-08-15 04:16:37,2025-08-15 04:54:01,0 days 00:37:24,98.07057740777189,-0.8575201447319136,92.43926075283578,-0.6963222167753597,15.232001772373225,0.445368405437481,4.453796999359535,3.126610920988447,,,,,,,,,,0.167935797426802,,PRUNED
11,0.39241129828577853,2025-08-15 04:39:36,2025-08-15 05:56:21,0 days 01:16:45,70.59567423132584,-0.8350212527100996,18.855896611066434,-0.2765936859516961,29.36928643242079,0.8697505411444306,1.2891592488541397,3.538645051657065,,0.4619380595448177,,,,1684.041164856667,,,,0.39241129828577853,,PRUNED
12,2.369491697935132,2025-08-15 04:53:03,2025-08-15 05:36:57,0 days 00:43:54,7.3449603980175855,-0.12842461432806473,61.87523044811065,-0.14723240106227786,29.663764852760846,0.7503730813630783,2.8682363429858992,3.1006042175074953,,,,,,,,,,2.369491697935132,,PRUNED
13,1.7921133035023704,2025-08-15 04:54:01,2025-08-15 06:23:55,0 days 01:29:54,74.40728785955343,-0.005394678105724582,71.21571024398432,-0.38419990112085756,22.33936674078774,0.4375297798754785,3.1791848548265556,1.3781524268123233,,1.7030689444863232,,,,4149.784600146668,,,,1.7921133035023704,,PRUNED
14,0.410569962095306,2025-08-15 05:36:57,2025-08-15 06:15:57,0 days 00:39:00,15.846735255543198,-0.3037783673100346,62.123822785519266,-0.5822742182802029,21.88136305189581,0.6278996013055091,4.908337676420269,4.712088995281459,,,,,,,,,,0.410569962095306,,PRUNED
15,2.2009305502477035,2025-08-15 05:56:21,2025-08-15 07:35:03,0 days 01:38:42,34.18116370151701,-0.6503516265624537,93.55032145560527,-0.9533597949298956,8.443832013863666,0.02679968315803094,2.46172779387752,3.956600003700726,,2.280191989249874,,,,-828.31881171,,,,2.2009305502477035,,PRUNED
16,1.2113426717371594,2025-08-15 06:15:57,2025-08-15 07:06:32,0 days 00:50:35,99.87998001444495,-0.6214519479958236,99.87034441500381,-0.976648088630388,6.113324892847685,0.005324489394964618,2.5461589447561495,2.1240967476580304,,,,,,,,,,1.2113426717371594,,PRUNED
17,2.2778093133189277,2025-08-15 06:23:55,2025-08-15 08:08:53,0 days 01:44:58,97.36236348315344,-0.6382961976084573,95.74629543810995,-0.909578836688584,7.0564642715801495,0.013023137998687304,2.3320008668278476,2.298630340625636,,2.3385516603711674,,,,-2160.698771953334,,,,2.2778093133189277,,PRUNED
18,2.226061050139223,2025-08-15 07:06:33,2025-08-15 08:51:56,0 days 01:45:23,87.29610579878745,-0.9845310132247429,26.36647280681838,-0.9545718589229374,6.806680684149546,0.029186643497544504,4.044605846760636,3.883283427291908,,2.3503382722334076,,,,-3347.44551498,,,,2.226061050139223,,PRUNED
19,0.19808744768788186,2025-08-15 07:35:03,2025-08-15 08:11:34,0 days 00:36:31,88.4209571361147,-0.5063340041644315,26.34519444647703,-0.7988693266552164,7.406508200393011,0.23372400306322805,4.210414002888937,2.334528226179243,,,,,,,,,,0.19808744768788186,,PRUNED
20,2.2807579374513463,2025-08-15 08:08:53,2025-08-15 09:47:33,0 days 01:38:40,85.78683388437007,-0.9934027413582545,26.176866737985804,-0.8236132543336455,10.713684150754524,0.23262684694350522,4.196849227196923,2.610114631702111,,2.2433724710495446,,,,-2799.0861791200005,,,,2.2807579374513463,,PRUNED
21,1.8781089860127496,2025-08-15 08:11:34,2025-08-15 08:54:43,0 days 00:43:09,84.39435571067528,-0.4022690602087124,1.7083585662469503,-0.518631590303601,11.54826047779348,0.25413155634951456,3.9014183611746818,3.7791358809388824,,,,,,,,,,1.8781089860127496,,PRUNED
22,0.2226788565215402,2025-08-15 08:51:56,2025-08-15 11:21:58,0 days 02:30:02,41.15935412718071,-0.4175833859051983,1.3409457266244118,-0.010847205772739676,0.10032206444559,0.27750951697616194,3.8242705966516763,2.8104348924947797,0.2226788565215402,0.21762252752030378,0.10497044315011321,0.2226788565215402,1094.6076319433334,1056.6437650199998,1088.6890741066666,1094.6076319433334,1.178778118857613,0.10497044315011321,,COMPLETE
23,0.5194855905790328,2025-08-15 08:54:44,2025-08-15 09:33:21,0 days 00:38:37,51.089762617434886,-0.735144350037419,80.83446561539868,-0.03292002177702624,3.1199806543412336,0.5253327714558376,3.732578679279573,2.7152282250267383,,,,,,,,,,0.5194855905790328,,PRUNED
24,0.8999832572759375,2025-08-15 09:33:21,2025-08-15 12:12:42,0 days 02:39:21,29.90244027630252,-0.9974428906455408,32.261551240235605,-0.811131154663413,0.2572041089712922,0.8148046967961382,4.962341515313117,1.753039885924773,0.8999832572759375,0.9827960004621734,0.8859086856299837,0.8999832572759375,-495.3430835566667,-659.2806790066667,-525.5286707033333,-495.3430835566667,2.040041006149747,0.8859086856299837,,COMPLETE
25,0.2596171331089472,2025-08-15 09:47:33,2025-08-15 11:02:08,0 days 01:14:35,38.2185656258496,-0.5356687537914411,75.23376413031897,-0.6566933797772465,4.271032436121539,0.8362137727168327,3.203157412325968,1.6229829461859633,,0.20760785153615458,,,,1289.2285326366666,,,,0.20760785153615458,0.2596171331089472,PRUNED
26,0.2427695152931096,2025-08-15 11:02:08,2025-08-15 13:42:07,0 days 02:39:59,31.66590520472134,-0.5102401167838073,79.75395192913473,-0.6514774209152898,4.077367277553211,0.8258565088150515,3.3683584506290227,1.8751413848225622,0.2427695152931096,0.2713544293757875,0.19151441478200293,0.2427695152931096,1145.1564287499998,1145.1564287499998,1145.1564287499998,1145.1564287499998,1.5586431864247574,0.19151441478200293,,COMPLETE
27,0.14886403622687813,2025-08-15 11:21:58,2025-08-15 12:48:55,0 days 01:26:57,36.9859917925762,-0.36341480930234227,1.9486118736031912,-0.45383390263025686,1.7805699208307681,0.1398025187992542,4.91860300251496,3.358273320319808,,0.19235772670593745,,,,932.06399746,,,,0.19235772670593745,0.14886403622687813,PRUNED
28,0.18500737801267367,2025-08-15 12:12:42,2025-08-15 13:31:32,0 days 01:18:50,33.72827675019948,-0.9475524819036719,4.325515872445315,-0.39565765734994596,0.31403356858216935,0.12468585984876202,3.5290623573094795,1.8114532418597056,,0.22942110850161476,,,,-165.9500220333333,,,,0.22942110850161476,0.18500737801267367,PRUNED
29,0.37198765421950597,2025-08-15 12:48:55,2025-08-15 15:40:24,0 days 02:51:29,36.47089441159722,-0.31997452033031615,0.0438737450508393,-0.4021468327722464,0.013573910469502085,0.15800068008811302,4.522239639357797,4.431702042175862,0.37198765421950597,0.4647960490636936,0.5160081525589285,0.37198765421950597,508.87019188,508.87019188,508.87019188,508.87019188,1.0597812850938242,0.5160081525589285,,COMPLETE
30,1.1475733386597617,2025-08-15 13:31:32,2025-08-15 15:07:34,0 days 01:36:02,43.43782194782258,-0.2653766705255054,10.947910226738703,-0.03938629570847267,0.2059842099191956,0.37075842945948323,4.5398023900846916,4.217827062607206,,1.61355090114123,,,,1942.4749223633335,,,,1.1475733386597617,,PRUNED
31,0.7173558754640871,2025-08-15 13:42:07,2025-08-15 14:28:03,0 days 00:45:56,27.07618909600445,-0.2740560893540715,59.729621299984395,-0.016301649121009006,0.16548261910114437,0.9571613855792653,4.476017524353313,1.9396808255401632,,,,,,,,,,0.7173558754640871,,PRUNED
32,0.23785606119483838,2025-08-15 14:28:03,2025-08-15 17:23:44,0 days 02:55:41,25.051530606980577,-0.20745676315402928,35.49140584524001,-0.5937634303798657,4.381714511782578,0.33930739517552755,2.8361519104273145,1.5931700315410056,0.23785606119483838,0.35581832882981695,0.21918057525763282,0.23785606119483838,1483.4532866966665,1445.6505888899999,1483.4532866966665,1483.4532866966665,1.5616218240602315,0.21918057525763282,,COMPLETE
33,0.3193338374411987,2025-08-15 15:07:34,2025-08-15 16:26:36,0 days 01:19:02,24.9669719867019,-0.5871479623393621,34.819752004276154,-0.5811597695112061,4.910086893258205,0.8098775080750329,2.123369677525566,2.810302095581649,,0.3253889312538721,,,,789.25296239,,,,0.3253889312538721,0.3193338374411987,PRUNED
34,0.5511619488933245,2025-08-15 15:40:24,2025-08-15 18:37:37,0 days 02:57:13,23.154695935648824,-0.5759589329333332,14.09804618690186,-0.13691214336296847,4.3330077629999035,0.3142177835155942,2.9313151535342388,2.8293919390482163,0.5511619488933245,0.35467947900230556,0.41406454556732425,0.5511619488933245,744.5647943166667,741.2364669599998,744.5647943166667,744.5647943166667,0.7795663289325881,0.41406454556732425,,COMPLETE
35,0.23001320368050027,2025-08-15 16:26:36,2025-08-15 17:54:54,0 days 01:28:18,18.96516536378985,-0.18319565166935936,12.14538775705715,-0.14562536663877318,4.414874379871783,0.3467746562901752,2.835477553351489,4.302848977313813,,0.2876908281742335,,,,1177.49810543,,,,0.2876908281742335,0.23001320368050027,PRUNED
36,0.4573151504880566,2025-08-15 17:23:44,2025-08-15 20:30:24,0 days 03:06:40,19.148177115670922,-0.22080661360135212,12.259051148834928,-0.14368375957708113,3.898821248491831,0.3132119631243815,2.916857772475313,1.0376342322232328,0.4573151504880566,0.32743009449811833,0.48067104140711275,0.4573151504880566,1131.9731351033336,1131.2091098833334,1131.9731351033336,1131.9731351033336,1.432519674535645,0.48067104140711275,,COMPLETE
37,0.37632487783386176,2025-08-15 17:54:54,2025-08-15 19:14:50,0 days 01:19:56,44.76132217730393,-0.459833659559464,17.191727759308982,-0.5994525563881694,9.67970532734374,0.16489824217340576,3.3013290279170477,1.0009060576121018,,0.2457411311716413,,,,1705.4799154199998,,,,0.2457411311716413,0.37632487783386176,PRUNED
38,2.565638522557875,2025-08-15 18:37:38,2025-08-15 19:27:33,0 days 00:49:55,0.23514818987924713,-0.4458777757656172,85.42404334193625,-0.5455506524258825,9.903493301137983,0.1781553288400867,3.705254985003607,1.4836928102017326,,,,,,,,,,2.565638522557875,,PRUNED
39,0.22219143454007254,2025-08-15 19:14:50,2025-08-15 22:21:15,0 days 03:06:25,9.367418693393166,-0.21160446570280483,8.854734560965461,-0.4718622351127266,2.6302230715454322,0.5463480743605896,3.6735823821512215,1.4094258590522868,0.22219143454007254,0.30428813244055236,0.28228864921221714,0.22219143454007254,540.4848336700001,530.5697344433333,530.5697344433333,540.4848336700001,0.9958016203701158,0.28228864921221714,,COMPLETE
40,1.5822249759554003,2025-08-15 19:27:33,2025-08-15 20:18:05,0 days 00:50:32,57.020850271973686,-0.18674614012689433,6.7804247341493245,-0.44348411680915945,2.518400542665049,0.49786457924470773,1.936913239280136,1.0121883291769969,,,,,,,,,,1.5822249759554003,,PRUNED
41,1.0415572206371413,2025-08-15 20:18:05,2025-08-15 22:16:11,0 days 01:58:06,44.85790114710908,-0.1053591535913409,40.65520757026715,-0.6616109463687916,1.7348297727480748,0.30514423930702117,4.251805815614304,2.07219114970947,,0.39470771915060543,,,,2218.4423906966667,,,,1.0415572206371413,,PRUNED
42,0.9569126024149389,2025-08-15 20:30:24,2025-08-15 21:25:21,0 days 00:54:57,45.227510892183226,-0.11519290788751813,42.36018789680854,-0.7338626958753788,1.8631326499876644,0.5607798963612516,4.247978171346022,4.590792896589089,,,,,,,,,,0.9569126024149389,,PRUNED
43,0.3365871777487657,2025-08-15 21:25:21,2025-08-16 01:48:24,0 days 04:23:03,40.702715512460806,-0.36092656695006475,20.73564181465791,-0.339097123984351,12.91604987768262,0.9994989841430512,2.703485190629254,2.0567573362654517,0.3365871777487657,0.38374967475887184,0.4740606662433162,0.3365871777487657,1997.0671241733335,1970.6108291133335,1996.8481738533335,1997.0671241733335,0.9690375640145458,0.4740606662433162,,COMPLETE
44,1.0691152834750695,2025-08-15 22:16:11,2025-08-16 00:51:44,0 days 02:35:33,57.95546353472077,-0.3755520239299078,53.81253418208535,-0.37903346826934525,14.179376865117286,0.39714587097182974,3.4417703149876826,2.540506571386503,,0.26735631489937245,,,,2428.798317553333,,,,0.26735631489937245,1.0691152834750695,PRUNED
45,2.3729451133475274,2025-08-15 22:21:15,2025-08-16 00:45:29,0 days 02:24:14,8.663611998581635,-0.3724624796340315,23.66903269440366,-0.3262277255208087,18.811696232823074,0.4473616250175382,3.4862006306704156,1.3446502005252696,,2.45759897723775,,,,1304.9763436633332,,,,2.3729451133475274,,PRUNED
46,1.0997245501460864,2025-08-16 00:45:29,2025-08-16 01:42:50,0 days 00:57:21,57.41656539994648,-0.24172012691369907,51.314923413453585,-0.4727011320062884,5.561318798859844,0.393370133026274,2.7118402245408597,1.5704329626946527,,,,,,,,,,1.0997245501460864,,PRUNED
47,0.22463308276244862,2025-08-16 00:51:44,2025-08-16 03:58:06,0 days 03:06:22,9.33486917356176,-0.3330392983294653,6.803663958679405,-0.48313388005695695,5.392636003597406,0.8926326845704312,2.6741715629335223,1.5506745523514494,0.22463308276244862,0.9638425695306676,0.34418606144677794,0.22463308276244862,546.5927317566668,487.49201789,546.5927317566668,546.5927317566668,1.708655881044108,0.34418606144677794,,COMPLETE
48,,2025-08-16 01:42:50,2025-08-16 02:14:30,0 days 00:31:40,12.393883213145806,-0.3140833658213578,7.707947731575067,-0.6453248203665398,2.6997612692667405,0.99879633556036,3.891949050608523,1.2462740654465299,,,,,,,,,,,,FAIL
49,,2025-08-16 01:48:24,2025-08-16 02:13:33,0 days 00:25:09,11.15302954932612,-0.32767383281099105,20.35855377895129,-0.5272299270881795,12.234495709722324,0.9872346869432537,3.111811373444459,1.2718255044205693,,,,,,,,,,,,FAIL
50,1.7111480135644468,2025-08-16 02:14:00,2025-08-16 03:46:43,0 days 01:32:43,10.800031686016471,-0.05642402011921427,20.94614160669456,-0.6213134892105061,17.287995164340686,0.9768803679551946,3.107002052559256,1.288261419041182,,0.32733249770816997,,,,1362.1894429433335,,,,0.32733249770816997,1.7111480135644468,PRUNED
51,1.682723494294443,2025-08-16 02:14:47,2025-08-16 03:43:05,0 days 01:28:18,11.441811569821299,-0.32660093344960905,7.462026191790715,-0.6310622028897944,8.360895131369599,0.8826918665290786,3.1724215120924018,1.2113039631278575,,0.9447578116195489,,,,572.0530943433332,,,,1.682723494294443,,PRUNED
52,1.7394169972999045,2025-08-16 02:20:07,2025-08-16 03:08:16,0 days 00:48:09,10.163718114499297,-0.040716694437228834,20.48721801360054,-0.6508587645827604,27.55849738406341,0.9895669756307109,3.1118044284005237,1.2183161363794917,,,,,,,,,,1.7394169972999045,,PRUNED
53,0.3247777197937227,2025-08-16 03:08:16,2025-08-16 05:54:55,0 days 02:46:39,30.787182010510854,-0.31198594224508297,31.535107080896,-0.24781526308221669,18.219398863093573,0.9154925965573226,2.6558257543239963,1.9862239689950039,0.3247777197937227,0.9604421933562998,0.34755972011290415,0.3247777197937227,1720.7458551333336,1710.1043504466668,1720.7458551333336,1720.7458551333336,1.3207794817566711,0.34755972011290415,,COMPLETE
54,1.7068889840062136,2025-08-16 03:43:05,2025-08-16 04:30:21,0 days 00:47:16,2.0497890826880507,-0.43160962535228464,31.080029948888942,-0.7192444305198471,2.9147748947156638,0.7197471687299872,2.6626381505608445,1.72785047754762,,,,,,,,,,1.7068889840062136,,PRUNED
55,,2025-08-16 03:46:43,,,30.22574234448153,-0.4368790822671181,37.65728298119319,-0.727460205877982,11.966872724463302,0.7565808854608406,2.700390445761301,1.980138337293357,,0.25387608614503665,0.21352890750545286,,,1285.51711163,1285.51711163,,,0.21352890750545286,,RUNNING
56,2.3582595499487673,2025-08-16 03:58:06,2025-08-16 05:33:37,0 days 01:35:31,4.387503929774202,-0.43832620439046116,68.0136293372339,-0.7274022244495117,3.5291645646475955,0.7273089522277871,3.641790280390251,1.7539274995938579,,0.43881453385930635,,,,202.0647749433334,,,,0.43881453385930635,2.3582595499487673,PRUNED
57,,2025-08-16 04:30:21,,,15.192860153720979,-0.5001162292824717,68.6921385133154,-0.5320967167151406,5.777754739324967,0.9103144218802453,2.2994151094992334,1.4954942346563929,,0.3055608210260324,0.3771355120928384,,,619.6547817566666,641.02587345,,,0.3771355120928384,,RUNNING
58,,2025-08-16 05:33:37,,,14.183597933763677,-0.495757919757423,48.04944728137547,-0.20192079204186303,7.97284126960652,0.8906065899771136,2.258158057487725,1.47280677864823,,,,,,,,,,,,RUNNING
59,,2025-08-16 05:54:55,,,29.056788156348574,-0.49812052406656926,47.93502702159885,-0.21095701310877785,18.753611339255045,0.9339856181901938,2.2897793520245955,1.4757730567367178,,,,,,,,,,,,RUNNING
60,0.38914548327424536,2025-08-16 06:24:42,2025-08-16 08:51:32,0 days 02:26:50,31.365510257825186,-0.2144707826150488,38.35113796655166,-0.5359086242549554,19.96193370335211,0.9115619204395433,2.2358294253998405,2.271379149869252,0.38914548327424536,0.3150516138717057,0.43357638143417887,0.38914548327424536,1771.01319986,1759.5389268833333,1767.17268322,1771.01319986,1.5135376308311257,0.43357638143417887,,COMPLETE
61,0.28413115551210716,2025-08-16 06:24:52,2025-08-16 07:37:18,0 days 01:12:26,31.012146460262546,-0.49497472692096733,47.040757481228304,-0.5459522485084765,15.933499433817744,0.89121228128261,3.8971271031581716,2.2840823620283888,,0.24954351560798768,,,,1397.2144199466668,,,,0.24954351560798768,0.28413115551210716,PRUNED
62,0.539237430941882,2025-08-16 06:24:59,2025-08-16 08:50:33,0 days 02:25:34,28.881316330615284,-0.21495262059966802,8.148882337200458,-0.26102299461221673,16.42235884446456,0.7847175622755183,2.33152693392102,1.9322321954298176,0.539237430941882,0.2587473694074749,0.26933959162863136,0.539237430941882,1721.9985321800002,1711.205639526667,1714.5190007666667,1721.9985321800002,1.1456942412582072,0.26933959162863136,,COMPLETE
63,2.28710966580351,2025-08-16 07:37:18,2025-08-16 08:18:35,0 days 00:41:17,15.997725452103747,-0.22246655921703862,7.122156889459063,-0.19986277753479964,20.853323833723277,0.7725665328900939,2.212071243497844,1.924618516860543,,,,,,,,,,2.28710966580351,,PRUNED
64,0.4864770908411485,2025-08-16 08:18:35,2025-08-16 09:34:02,0 days 01:15:27,21.183586266258914,-0.1542281616196181,14.893564731817833,-0.07576215648413409,5.722677465833801,0.6267441571725714,2.3907643910835374,1.5047177444058746,,0.4725214051386133,,,,1360.59405806,,,,0.4864770908411485,,PRUNED
65,2.3273989368663877,2025-08-16 08:50:33,2025-08-16 09:30:30,0 days 00:39:57,18.501989620633985,-0.14941800036695657,40.448046115448584,-0.09651049196991704,19.09922216279572,0.9376897789315614,3.3394856691092034,1.5871608990077797,,,,,,,,,,2.3273989368663877,,PRUNED
66,0.34455151616679675,2025-08-16 08:51:33,2025-08-16 11:18:04,0 days 02:26:31,24.390149481567477,-0.29075100457689057,15.319543252588089,-0.18867620921535272,5.737737884149466,0.9273038925194824,1.8239942417241495,1.5110759805304323,0.34455151616679675,0.317411236179401,0.3470344770468676,0.34455151616679675,1322.2107289266667,1322.2107289266667,1322.2107289266667,1322.2107289266667,1.2975690669014608,0.3470344770468676,,COMPLETE
67,1.1978803576320218,2025-08-16 09:30:30,2025-08-16 10:08:25,0 days 00:37:55,22.3667634158384,-0.2838726391655343,30.511759816967313,-0.21709006482265936,23.632975572804728,0.6546053678553259,2.5629616888502182,1.4435341231603345,,,,,,,,,,1.1978803576320218,,PRUNED
68,2.4066946507973768,2025-08-16 09:34:02,2025-08-16 10:13:46,0 days 00:39:44,15.024527023382138,-0.2947216949580941,28.84097335565494,-0.4779679550100657,23.837712518417746,0.8432395964637894,2.003956397213593,2.4864403457535387,,,,,,,,,,2.4066946507973768,,PRUNED
69,0.4463894183943394,2025-08-16 10:08:25,2025-08-16 12:33:27,0 days 02:25:02,14.542689648601286,-0.3309045072592422,57.01076818664948,-0.42753798753402494,7.253329609213499,0.5885630560406079,1.8733361016698933,2.4616970904643605,0.4463894183943394,0.29597661989619933,0.4152879213687875,0.4463894183943394,751.4724581700001,751.4724581700001,751.4724581700001,751.4724581700001,1.388971984809487,0.4152879213687875,,COMPLETE
70,0.6211306295230156,2025-08-16 10:13:46,2025-08-16 11:35:07,0 days 01:21:21,5.3513888070513715,-0.3360637301502141,56.74905204877456,-0.18541689067583234,8.00273406060036,0.92416595755039,4.048302082147707,2.9955377475526426,,1.761894869914018,,,,612.89095816,,,,0.6211306295230156,,PRUNED
71,0.3646392282024426,2025-08-16 11:18:04,2025-08-16 13:42:39,0 days 02:24:35,48.67334622109908,-0.7145344184807697,54.91465247750414,-0.5039631277170202,8.077311918614601,0.2066822552723478,4.035395116914024,1.6807870622178678,0.3646392282024426,0.3407667778603522,0.23369698970185906,0.3646392282024426,1042.3579722366667,1027.8921763533333,1040.20186939,1042.3579722366667,1.3059914166574966,0.3407667778603522,0.23369698970185906,COMPLETE
72,0.31835087892909936,2025-08-16 11:35:07,2025-08-16 14:12:48,0 days 02:37:41,41.642787583626024,-0.5035563472101774,22.459729537956747,-0.30540080164540406,1.2821596600492091,0.9943457096971435,2.7615855438720245,2.0322282604664696,0.31835087892909936,0.9452231430901153,0.4540778608803124,0.31835087892909936,1571.1794465566663,1347.9617100099997,1536.776649923333,1571.1794465566663,1.7416832846509438,0.4540778608803124,,COMPLETE
73,0.2930449021863176,2025-08-16 12:33:27,2025-08-16 13:45:18,0 days 01:11:51,39.73166180403582,-0.40093423839870423,2.894613640038834,-0.341049094455029,13.911358001160162,0.857670620802507,2.806028126102225,2.0656517017635396,,0.25435123559091255,,,,1371.4197433900001,,,,0.25435123559091255,0.2930449021863176,PRUNED
74,0.20300666562577907,2025-08-16 13:42:39,2025-08-16 16:06:21,0 days 02:23:42,39.560645397744736,-0.4093241574639447,3.554133046643191,-0.34394562438218546,11.715613584658282,0.8579182119960552,2.783442343089618,2.102933446094601,0.20300666562577907,0.22550645694822155,0.15427888535475867,0.20300666562577907,1409.2365378666666,1381.0623913166667,1407.506947,1409.2365378666666,1.0989181244012174,0.15427888535475867,,COMPLETE
75,0.3090076594499789,2025-08-16 13:45:19,2025-08-16 14:57:49,0 days 01:12:30,41.62782184176342,-0.4042964437787765,34.62226949715169,-0.29967070921961214,12.66259875769996,0.9975465144509504,1.0056103903026705,1.850332801699868,,0.6042341758074308,,,,1902.9147993800004,,,,0.6042341758074308,0.3090076594499789,PRUNED
76,0.29353935058284586,2025-08-16 14:12:48,2025-08-16 16:43:03,0 days 02:30:15,33.47157342862682,-0.5103033353276066,35.224626739659534,-0.27537552135023036,1.1533968705439446,0.6783294411504206,3.0149193746669436,2.1935720313113216,0.29353935058284586,0.32293050962313297,0.31988137030705155,0.29353935058284586,1245.7100586166664,1245.44262065,1245.7100586166664,1245.7100586166664,2.015828436037352,0.31988137030705155,,COMPLETE
77,0.2330826115988266,2025-08-16 14:57:49,2025-08-16 17:19:28,0 days 02:21:39,34.35903127632498,-0.4937411170647029,25.0724661804678,-0.5695015174311012,3.0999020336984966,0.9600568606572293,3.003449476530511,2.213259828392845,0.2330826115988266,0.22855223545806794,0.23989564411039344,0.2330826115988266,1322.4730895700002,1317.5796984366668,1322.4730895700002,1322.4730895700002,1.3093353587228698,0.22855223545806794,0.23989564411039344,COMPLETE
78,0.2285841174577831,2025-08-16 16:06:21,2025-08-16 18:28:53,0 days 02:22:32,48.503521419018526,-0.5037553515144103,4.499653368057881,-0.5721842568881605,1.1715748160800876,0.6851164991362841,2.9641687835758623,2.185377317164026,0.2285841174577831,0.1877947793831808,0.1050439136678849,0.2285841174577831,1102.3474951966666,1082.9838548833334,1097.7519990466665,1102.3474951966666,1.5320755582839887,0.1877947793831808,0.1050439136678849,COMPLETE
79,1.7105281098034937,2025-08-16 16:43:03,2025-08-16 18:07:15,0 days 01:24:12,36.721393135389576,-0.5662666364627333,0.13200514166589095,-0.5672951732197473,3.062576761131527,0.47969094611398166,3.3169618784453423,2.2208987185526716,,1.79205935322941,,,,40.945317206666665,,,,1.7105281098034937,,PRUNED
80,0.12650533459297328,2025-08-16 17:19:28,2025-08-16 19:41:36,0 days 02:22:08,36.550063603112676,-0.5787972113263243,10.61149998487148,-0.5874921995644069,2.847583627295,0.08941998848042576,3.0027671797723943,2.6356569239371397,0.12650533459297328,0.21837388012012263,0.1379152398123755,0.12650533459297328,992.8582872366668,992.8582872366668,992.8582872366668,992.8582872366668,1.15180671926819,0.21837388012012263,0.1379152398123755,COMPLETE
81,0.16206089876197108,2025-08-16 18:07:15,2025-08-16 20:28:54,0 days 02:21:39,49.2054846163217,-0.47578450540565786,4.505763575967407,-0.6903070456893935,4.797803464063866,0.09386475366593217,2.981696135013175,3.390707274906277,0.16206089876197108,0.18431885063877526,0.17811263745571468,0.16206089876197108,886.07503351,880.8824354766667,886.07503351,886.07503351,1.0356919166637848,0.17811263745571468,,COMPLETE
82,0.123034025950626,2025-08-16 18:28:53,2025-08-16 20:50:37,0 days 02:21:44,48.81519789953018,-0.5383560602818347,4.6063425545774095,-0.6940964002241123,2.2104754379448144,0.8120110702604416,2.960360736163665,3.360037974259198,0.123034025950626,0.15645499634156798,0.13532943111132847,0.123034025950626,618.9378589133333,618.9378589133333,618.9378589133333,618.9378589133333,1.0400279705775939,0.15645499634156798,0.13532943111132847,COMPLETE
83,0.13099818611090583,2025-08-16 19:41:36,2025-08-16 22:03:04,0 days 02:21:28,46.505111604592585,-0.6718962067466031,10.083430936893475,-0.6009965970880299,2.371108407903882,0.10721878933785516,3.0115035513379853,2.670195313271873,0.13099818611090583,0.19672001080540488,0.18925877078611997,0.13099818611090583,899.1842685966667,896.5209334266666,899.1842685966667,899.1842685966667,0.9561017031132408,0.18925877078611997,,COMPLETE
84,0.1314238493188197,2025-08-16 20:28:54,2025-08-16 22:50:40,0 days 02:21:46,49.94406818156249,-0.5481988299298717,4.826377210770303,-0.6820577483692812,2.2896697227159226,0.09682213650370355,2.9664205274712567,3.225407053144442,0.1314238493188197,0.11778181043063374,0.16550189344884905,0.1314238493188197,674.30311429,670.61356291,674.30311429,674.30311429,1.3612704278578143,0.11778181043063374,0.16550189344884905,COMPLETE
85,0.13878265502943052,2025-08-16 20:50:37,2025-08-16 23:18:05,0 days 02:27:28,54.45217391595533,-0.6116422027178302,3.989959531465135,-0.8587230430907518,2.1932101391137113,0.086326430843573,2.5632630746484852,3.444798257414555,0.13878265502943052,0.21701383936531646,0.15052028667768172,0.13878265502943052,-376.60145923,-434.42452196666665,-399.99718235999995,-376.60145923,0.9993903393609513,0.15052028667768172,,COMPLETE
86,2.367789635363715,2025-08-16 22:03:04,2025-08-16 22:46:59,0 days 00:43:55,54.31976694979153,-0.6619606530717879,10.19080718742805,-0.8640011219214169,2.300676084637098,0.0790799562214205,2.4941802966143167,3.383390540856572,,,,,,,,,,2.367789635363715,,PRUNED
87,0.14135024021679812,2025-08-16 22:46:59,2025-08-17 01:07:47,0 days 02:20:48,68.3969461861569,-0.5463108212339767,3.85545042405295,-0.7074276460483809,5.1746724935040564,0.068944713572778,3.6422000511297346,3.6624392744338614,0.14135024021679812,0.16107867383353905,0.18101228945604828,0.14135024021679812,635.9598046633333,635.9598046633333,635.9598046633333,635.9598046633333,1.6153664363287195,0.18101228945604828,,COMPLETE
88,0.16230647981146096,2025-08-16 22:50:40,2025-08-17 01:13:51,0 days 02:23:11,64.31392723032413,-0.6203094866339077,3.9968296151610367,-0.7583244451899567,6.632434698353864,0.08415411109599565,3.069922566484998,2.987211884587445,0.16230647981146096,0.17467573633623654,0.16043024054494023,0.16230647981146096,40.55370312666667,2.555994686666667,40.55370312666667,40.55370312666667,1.1881795464154827,0.16043024054494023,,COMPLETE
89,0.13772669783512806,2025-08-16 23:18:05,2025-08-17 01:41:49,0 days 02:23:44,60.924341668596334,-0.6199830909854607,4.518676265808518,-0.781578555214204,6.456080385028832,0.08329331892067049,3.1703092353338573,3.5638641480553304,0.13772669783512806,0.22060437996899282,0.1656061942136979,0.13772669783512806,5.984760159999998,-84.01154499333332,2.6207085933333345,5.984760159999998,1.550773400131195,0.22060437996899282,0.1656061942136979,COMPLETE
90,0.16875461986052065,2025-08-17 01:07:47,2025-08-17 03:30:48,0 days 02:23:01,65.99248942219944,-0.6205587949086551,4.584360104557791,-0.7727830059063407,6.444424332286488,0.07514259158727091,2.5710893496501224,3.6541690062798304,0.16875461986052065,0.16518985405831751,0.17881273630318237,0.16875461986052065,51.79550833,-32.82428174,51.79550833,51.79550833,1.257555836445939,0.16518985405831751,0.17881273630318237,COMPLETE
91,0.2092142119128785,2025-08-17 01:13:51,2025-08-17 03:37:24,0 days 02:23:33,66.18195127364409,-0.6793124071287668,17.808603976203322,-0.7722992113122944,6.839389180576662,0.06408653429387112,3.2142627297742825,3.6160739739817895,0.2092142119128785,0.18951118752597607,0.15931752666335713,0.2092142119128785,808.2498995933332,808.2498995933332,808.2498995933332,808.2498995933332,1.420101169579733,0.15931752666335713,,COMPLETE
92,0.1460540337594726,2025-08-17 01:41:49,2025-08-17 04:04:44,0 days 02:22:55,65.84684860577498,-0.6204711148545947,4.986370721891258,-0.7605588610349556,6.55241050314907,0.06325170920739095,3.2230463141699985,3.5528243641169017,0.1460540337594726,0.15504810983967807,0.2167358276119774,0.1460540337594726,176.4038391,129.4178828,176.4038391,176.4038391,0.8870109098779048,0.15504810983967807,0.2167358276119774,COMPLETE
93,0.13473405435023503,2025-08-17 03:30:48,2025-08-17 05:55:36,0 days 02:24:48,61.674708138045375,-0.6868542641475408,12.723309950116528,-0.7688931569681646,4.781533645410121,0.10671463807846918,3.2525383738005003,3.286249938395338,0.13473405435023503,0.14716054227435113,0.14908581077881722,0.13473405435023503,509.70418586666665,379.51883216000004,492.0921623166667,509.70418586666665,1.573168074812289,0.14908581077881722,,COMPLETE
94,0.16574217644399789,2025-08-17 03:37:24,2025-08-17 06:03:56,0 days 02:26:32,75.76958415338099,-0.5477053758398163,12.092728085862419,-0.6937961756191444,9.235575920266438,0.1100008379519568,3.556531522129853,3.244579105340367,0.16574217644399789,0.19168052298141305,0.21239562370181833,0.16574217644399789,1918.5144192966666,1909.9393996966664,1918.5144192966666,1918.5144192966666,1.1545725454683622,0.19168052298141305,0.21239562370181833,COMPLETE
95,0.1523342597880326,2025-08-17 04:04:44,2025-08-17 06:27:07,0 days 02:22:23,75.18893905910426,-0.5473027579124699,12.15436432047774,-0.6890080369955159,9.17495678262017,0.11918411352003733,3.5986209772725912,3.254919316871543,0.1523342597880326,0.2010347402953985,0.1392445693937718,0.1523342597880326,1961.6679681533333,1961.6679681533333,1961.6679681533333,1961.6679681533333,1.5286457905429787,0.1392445693937718,,COMPLETE
96,2.2640256111452026,2025-08-17 05:55:36,2025-08-17 06:40:13,0 days 00:44:37,71.2998883123095,-0.7895596683628798,12.359135492467807,-0.8415763109947336,3.6298554969511354,0.12287270266189027,3.573180256809474,3.168282126506946,,,,,,,,,,2.2640256111452026,,PRUNED
97,1.6668178729801975,2025-08-17 06:03:56,2025-08-17 08:47:14,0 days 02:43:18,60.24389719832148,-0.7951771295738911,13.473305133572854,-0.8147786624330073,3.6709855382221726,0.04378619908817239,3.226105486205226,3.5000758496841615,1.6668178729801975,1.5701765109137489,0.2901666336164927,1.6668178729801975,-794.4081502466667,-1096.1592700633335,-895.6188568800002,-794.4081502466667,2.984707750009244,0.2901666336164927,,COMPLETE
98,0.9876807204628107,2025-08-17 06:27:07,2025-08-17 07:49:12,0 days 01:22:05,60.70637901930527,-0.7590097133334145,16.18029253229135,-0.8363800770143315,2.0744452788907464,0.044942303028044056,3.241940066762694,3.9592062313362133,,1.586638403980597,,,,-1309.49214046,,,,0.9876807204628107,,PRUNED
99,1.5901070116330718,2025-08-17 06:40:13,2025-08-17 07:23:40,0 days 00:43:27,61.10275178353386,-0.7328652414853952,8.56217295210065,-0.8909709451870127,4.874594904160261,0.05194200424943095,3.4317980175933167,3.9787280171499715,,,,,,,,,,1.5901070116330718,,PRUNED
100,0.20098656449223262,2025-08-17 07:23:40,2025-08-17 09:48:45,0 days 02:25:05,53.53906140611686,-0.5951936707030763,9.942577013132698,-0.8140570785732898,3.9522276240097094,0.03499483233596145,3.1998125853440187,3.49446866305775,0.20098656449223262,0.19095522493477005,0.18740344475136994,0.20098656449223262,311.03946874,122.23697668999999,285.94053751333337,311.03946874,1.1413238812310693,0.18740344475136994,,COMPLETE
101,0.24602815393462088,2025-08-17 07:49:12,2025-08-17 09:03:47,0 days 01:14:35,52.99418077885002,-0.5941839078015119,1.3527718072856403,-0.8006462122117692,0.8418894046317682,0.0042726706322302604,3.7868039862,3.5266077523405794,,0.23728677468535775,,,,-284.7084320266667,,,,0.23728677468535775,0.24602815393462088,PRUNED
102,0.17778539461155632,2025-08-17 08:47:14,2025-08-17 11:17:16,0 days 02:30:02,53.40631114652455,-0.5961686694920545,1.0346492297475738,-0.7474382152184764,5.050339637240768,0.00408403644090434,2.8904574943305477,3.77031221203971,0.17778539461155632,0.1631401273369108,0.2549514410804689,0.17778539461155632,-236.27121687,-263.41647136,-237.35799512666665,-236.27121687,1.487476933496665,0.2549514410804689,,COMPLETE
103,0.14760687575941575,2025-08-17 09:03:47,2025-08-17 11:25:49,0 days 02:22:02,80.17507974706088,-0.5407939369549002,9.948729523103596,-0.6744703649821613,5.220020544554874,0.1463774858809137,2.901848366992109,3.804430661195177,0.14760687575941575,0.14499251435877727,0.13387537832986637,0.14760687575941575,2037.62896491,2037.62896491,2037.62896491,2037.62896491,1.5538060762353911,0.14499251435877727,0.13387537832986637,COMPLETE
104,0.15548133284308385,2025-08-17 09:48:45,2025-08-17 12:09:57,0 days 02:21:12,79.8442145128957,-0.53816877444178,6.5760219827814055,-0.6801847581241818,8.848144024529375,0.14660465276125975,3.424331604257035,3.782705904508566,0.15548133284308385,0.16257676693647813,0.19795822035975819,0.15548133284308385,1529.7999899833333,1529.7999899833333,1529.7999899833333,1529.7999899833333,1.9324954188059627,0.19795822035975819,,COMPLETE
105,0.266101637290909,2025-08-17 11:17:16,2025-08-17 12:28:41,0 days 01:11:25,67.14965745449612,-0.685984694640417,6.294156007096146,-0.6749855945426069,2.28335010739354,0.19371811750789916,3.3830990214223515,3.2883014653473377,,0.1901791524704642,,,,440.2392548133333,,,,0.1901791524704642,0.266101637290909,PRUNED
106,0.16472744758956145,2025-08-17 11:25:49,2025-08-17 13:47:45,0 days 02:21:56,56.376923045682574,-0.6965688266406154,5.561444914007971,-0.6270673324615612,6.045887773813611,0.1918456141329107,3.120623269713026,4.073025303932017,0.16472744758956145,0.18262793555408505,0.14066840227348174,0.16472744758956145,439.36234253000003,438.3146912133334,439.36234253000003,439.36234253000003,1.5005636724025873,0.14066840227348174,,COMPLETE
107,0.19363489559297117,2025-08-17 12:09:57,2025-08-17 14:30:58,0 days 02:21:01,68.45110437482195,-0.6888397299011908,9.77639107919554,-0.6187764958098989,6.110991286109522,0.1868849141368056,3.0709530090260406,3.3040595907038615,0.19363489559297117,0.16750821465528862,0.09570309612134474,0.19363489559297117,1139.0912342066667,1138.9976652566666,1138.9976652566666,1139.0912342066667,1.4436680539259383,0.16750821465528862,0.09570309612134474,COMPLETE
108,0.2236224372030695,2025-08-17 12:28:41,2025-08-17 14:50:56,0 days 02:22:15,68.78259223660294,-0.6413721607186793,9.79322816419501,-0.631323803225001,6.036099683949257,0.10024736886351435,3.1041662011721107,2.91554231881899,0.2236224372030695,0.16957032064992683,0.1528621450317809,0.2236224372030695,1360.4934578066668,1360.4934578066668,1360.4934578066668,1360.4934578066668,1.381466526095853,0.16957032064992683,0.1528621450317809,COMPLETE
109,2.334177730738545,2025-08-17 13:47:45,2025-08-17 15:20:51,0 days 01:33:06,93.2465196638557,-0.6453544830523034,9.91675221150237,-0.9214532115630801,4.44252886444454,0.09693783904642944,2.901696707814429,2.72542312158582,,2.2257796612565257,,,,-1917.8539268366665,,,,2.334177730738545,,PRUNED
110,0.13639692173023196,2025-08-17 14:30:58,2025-08-17 16:57:44,0 days 02:26:46,46.51045513343773,-0.6394717135072643,2.2032295333650547,-0.7143448387523117,7.620520361941898,0.10137840958312361,2.8617995619401735,2.6798692703409404,0.13639692173023196,1.5819112981742396,0.13809550868150086,0.13639692173023196,-178.73455740999998,-192.87717897666667,-178.73455740999998,-178.73455740999998,1.338234304108851,0.13809550868150086,,COMPLETE
111,0.18635746881647341,2025-08-17 14:50:56,2025-08-17 17:13:44,0 days 02:22:48,50.944190234509,-0.6628080077350055,18.002749324347455,-0.7129740787502274,7.544743404389566,0.24867255068394678,2.8807828540114784,3.081027559116766,0.18635746881647341,0.2516779726087966,0.17598274608675543,0.18635746881647341,925.9509743833332,919.1742707566665,925.9509743833332,925.9509743833332,1.3293646346363897,0.2516779726087966,0.17598274608675543,COMPLETE
112,0.17989533090927323,2025-08-17 15:20:51,2025-08-17 17:43:07,0 days 02:22:16,82.10288118892531,-0.5667006578194658,19.1349365401858,-0.7143006131676328,1.5957611420417521,0.12171182348201996,3.3176596781553953,3.103066576197983,0.17989533090927323,0.245966079746195,0.15328610836074485,0.17989533090927323,2153.964923123333,2153.964923123333,2153.964923123333,2153.964923123333,1.0236138772099614,0.15328610836074485,,COMPLETE
113,0.17348753437209777,2025-08-17 16:57:44,2025-08-17 19:20:37,0 days 02:22:53,46.598960947279764,-0.5729043387268795,18.901196546775378,-0.7480903406897268,7.586631791890349,0.14056635152347868,3.2881358608118076,2.633891249445308,0.17348753437209777,0.23265656999325066,0.18204163166978707,0.17348753437209777,1079.8346915466666,1065.9439859699999,1065.9439859699999,1079.8346915466666,1.3342151134544071,0.23265656999325066,0.18204163166978707,COMPLETE
114,0.17251959314239992,2025-08-17 17:13:44,2025-08-17 19:35:57,0 days 02:22:13,46.564416637094084,-0.5675762931934678,2.907815818199472,-0.7860416768536723,0.7109096259940177,0.14762588318311692,2.6085774714104337,2.589456385100906,0.17251959314239992,0.18383136022109814,0.24017452176085197,0.17251959314239992,34.08178549666667,21.01413049333333,34.08178549666667,34.08178549666667,1.192991592530819,0.24017452176085197,,COMPLETE
115,0.3367704543295785,2025-08-17 17:43:07,2025-08-17 18:55:14,0 days 01:12:07,63.129782240726264,-0.6160650186136062,2.4743787102258374,-0.7406516595459922,0.6609008533460452,0.1372781958881544,2.778890133032138,3.651551206139951,,0.145809744099339,,,,-160.09902879333336,,,,0.145809744099339,0.3367704543295785,PRUNED
116,1.5289334898257152,2025-08-17 18:55:14,2025-08-17 20:17:29,0 days 01:22:15,47.2945629216478,-0.5239133704101139,0.06242660601621175,-0.658269419830547,2.836117304053776,0.022439420433654683,2.614339039045537,2.7176681475029705,,0.8787157134613287,,,,-52.93152013333334,,,,1.5289334898257152,,PRUNED
117,0.31485717471254876,2025-08-17 19:20:37,2025-08-17 20:31:40,0 days 01:11:03,55.68559382741475,-0.5230571038130496,14.024435634023675,-0.6496833075845927,3.222631769296023,0.024031434168133393,2.5960222694241355,3.57161048477898,,0.17427886559115183,,,,1748.0632225766667,,,,0.17427886559115183,0.31485717471254876,PRUNED
118,0.303073422865704,2025-08-17 19:35:57,2025-08-17 20:11:20,0 days 00:35:23,55.47893768200272,-0.5263391184769409,14.17758855969453,-0.6588234196023698,3.167260839171705,0.215842910679515,2.4881991144375846,3.432058052399089,,,,,,,,,,0.303073422865704,,PRUNED
119,0.1463659775555677,2025-08-17 20:11:20,2025-08-17 22:37:39,0 days 02:26:19,58.54829104079194,-0.6057350985329552,7.485513876930769,-0.8566374844838768,5.231243198217596,0.05108530173668595,3.029169733506846,2.901976814903178,0.1463659775555677,0.22446104058470118,0.182794917365147,0.1463659775555677,-254.2012656966667,-503.22875491666673,-273.4290086633334,-254.2012656966667,1.362943914049115,0.182794917365147,,COMPLETE
120,0.13228171329032704,2025-08-17 20:17:29,2025-08-17 22:39:34,0 days 02:22:05,73.532790356945,-0.6119126742813739,7.065392942086445,-0.7156472376010499,5.181087997150836,0.0590833973758772,3.01615233558509,3.598152892697444,0.13228171329032704,0.14190626352498234,0.1865919181516804,0.13228171329032704,782.3957888733335,782.3957888733335,782.3957888733335,782.3957888733335,0.9320103864128569,0.14190626352498234,0.1865919181516804,COMPLETE
121,0.16173495902562426,2025-08-17 20:31:40,2025-08-17 22:52:50,0 days 02:21:10,58.692318993100834,-0.6066995370733479,8.082572799762016,-0.6116101125564017,5.163447309553863,0.16682244555324907,3.020001208480084,3.6991937473276346,0.16173495902562426,0.19913218275186415,0.1791644891531681,0.16173495902562426,1249.8735660366667,1247.3671324633333,1249.8735660366667,1249.8735660366667,0.9919113017511229,0.1791644891531681,,COMPLETE
122,1.7001397153132143,2025-08-17 22:37:39,2025-08-17 23:19:26,0 days 00:41:47,59.05909971312206,-0.7129711158158856,7.987187843892658,-0.8817856753040358,4.841250103489723,0.06020016537279798,3.031204673713024,3.715257345845869,,,,,,,,,,1.7001397153132143,,PRUNED
123,0.21111788622609196,2025-08-17 22:39:34,2025-08-18 01:04:39,0 days 02:25:05,73.37075679507993,-0.6031885561317023,7.7160234927103435,-0.8441431526688011,4.515062251730162,0.06237464436304126,2.997992979154723,2.8485294597697446,0.21111788622609196,0.17550044553288946,0.20368149034293218,0.21111788622609196,-37.056763803333325,-227.38444079666667,-78.38474552333334,-37.056763803333325,1.3770388469353243,0.20368149034293218,,COMPLETE
124,0.8925746060592626,2025-08-17 22:52:50,2025-08-18 01:21:47,0 days 02:28:57,62.49328498551085,-0.6305644737469249,5.723748633046729,-0.8672557207924966,4.3131170201463185,0.06319495293062946,3.1497590930130857,3.1696825777071957,0.8925746060592626,0.2602016715489727,0.2032612326255684,0.8925746060592626,-484.58593518666663,-583.3199747433333,-497.4958220066667,-484.58593518666663,1.9811814873473683,0.2602016715489727,0.2032612326255684,COMPLETE
125,0.18806204935448192,2025-08-17 23:19:26,2025-08-18 01:44:15,0 days 02:24:49,71.3623479713869,-0.6376616637674928,4.441777144230826,-0.7836906970806858,4.191659734526456,0.07710002842680311,3.1580783049198216,2.8835960025543046,0.18806204935448192,0.18683368347320115,0.297496300325494,0.18806204935448192,-163.7771382066667,-171.7253582533333,-167.12126727333336,-163.7771382066667,1.2808239033454858,0.297496300325494,,COMPLETE
126,0.21704687544924375,2025-08-18 01:04:39,2025-08-18 03:30:19,0 days 02:25:40,63.75396917067252,-0.6321802642975073,5.57268432230515,-0.7934696459637164,3.686383021926381,0.08445159209119034,2.720161589974867,3.166457074570361,0.21704687544924375,0.21170136090654953,0.20480780793178574,0.21704687544924375,-42.651423799999996,-135.39736367999998,-57.28792309333334,-42.651423799999996,1.4060839135226775,0.21170136090654953,0.20480780793178574,COMPLETE
127,2.2284532807592794,2025-08-18 01:21:47,2025-08-18 02:44:31,0 days 01:22:44,71.18029033928168,-0.6617676618501713,2.5696794141856554,-0.9277343404887243,1.9015593768829873,0.08157664681396015,2.751403900838507,3.4528444242978593,,1.0696811862983193,,,,-1066.9073700933334,,,,2.2284532807592794,,PRUNED
128,0.8328300359567314,2025-08-18 01:44:15,2025-08-18 04:13:11,0 days 02:28:56,50.568558609920764,-0.6535316183200668,2.2992041666149436,-0.7085699637212822,2.3818307407556176,0.09940505673148008,2.726819906293418,3.439032395166837,0.8328300359567314,0.1661512692483457,0.15599878119600719,0.8328300359567314,-213.3092567,-235.29099727666667,-214.26716244333332,-213.3092567,1.4642441495356155,0.15599878119600719,,COMPLETE
129,0.16729832101285724,2025-08-18 02:44:31,2025-08-18 05:06:32,0 days 02:22:01,64.54111645853243,-0.4780915185523109,5.36152812071489,-0.7628759238136903,6.977405436392652,0.10165329945553658,2.8457856738896585,2.3818354057213766,0.16729832101285724,0.11985004330484904,0.1946146807823569,0.16729832101285724,920.6276443733335,911.02055281,918.3453432433334,920.6276443733335,1.5830210766473363,0.11985004330484904,0.1946146807823569,COMPLETE
130,0.1942564896975558,2025-08-18 03:30:19,2025-08-18 05:52:35,0 days 02:22:16,65.28715118440014,-0.6618224504912721,11.55241381757792,-0.7074639977232594,6.989475054789631,0.10962360264165522,2.8423242445503627,3.043692020350891,0.1942564896975558,0.2225307035580805,0.14409306773759176,0.1942564896975558,942.8126788133333,942.8126788133333,942.8126788133333,942.8126788133333,1.233592055964858,0.2225307035580805,0.14409306773759176,COMPLETE
131,0.19140786462312276,2025-08-18 04:13:11,2025-08-18 06:36:05,0 days 02:22:54,51.58659440255657,-0.5786774867753258,11.496897863710954,-0.7639656612637581,6.822821713042636,0.02941071045704447,2.8395114450435317,2.3818042247220594,0.19140786462312276,0.170728323981543,0.14233432059812157,0.19140786462312276,786.8755951799999,783.1075291033334,786.8755951799999,786.8755951799999,1.1626731712374598,0.14233432059812157,,COMPLETE
132,0.24909396259342195,2025-08-18 05:06:32,2025-08-18 07:27:42,0 days 02:21:10,43.94137321388426,-0.5583850504039366,11.369978609314854,-0.7287097725348979,5.419476405036347,0.03641009643195148,2.926474292288974,3.844559009961808,0.24909396259342195,0.16143086022437703,0.17315423634138452,0.24909396259342195,915.6918279,915.6918279,915.6918279,915.6918279,2.1617856317174495,0.16143086022437703,0.17315423634138452,COMPLETE
133,0.18250977347348685,2025-08-18 05:52:35,2025-08-18 08:15:28,0 days 02:22:53,69.1504670923336,-0.5538146326539568,16.057608296771093,-0.7278550614549408,5.516973083279235,0.031154519945874655,2.9356944450139046,2.782013352004919,0.18250977347348685,0.21350242494044824,0.172427127682846,0.18250977347348685,1747.344622073333,1747.344622073333,1747.344622073333,1747.344622073333,0.8715964177296979,0.172427127682846,,COMPLETE
134,0.2094316659590063,2025-08-18 06:36:05,2025-08-18 07:47:08,0 days 01:11:03,79.51981587750397,-0.5524563512248812,8.085332773337162,-0.7359655079657454,5.507162012963448,0.1590620327713162,3.5107665362436977,3.355623193623758,,0.19131287686590412,,,,1263.0461592033332,,,,0.19131287686590412,0.2094316659590063,PRUNED
135,0.18593854004370428,2025-08-18 07:27:43,2025-08-18 09:51:11,0 days 02:23:28,80.10251339805315,-0.5531198768367441,15.552321852300592,-0.7306298408322877,5.4983663519702795,0.16363233046189035,3.277566045292757,3.3406301224323536,0.18593854004370428,0.1661325817234328,0.21906365830569566,0.18593854004370428,1843.2218659033333,1806.46109342,1812.1904900666666,1843.2218659033333,1.5611853762473886,0.21906365830569566,,COMPLETE
136,0.16794838732242864,2025-08-18 07:47:08,2025-08-18 10:09:28,0 days 02:22:20,77.15421886491913,-0.7429580116456452,15.989841291118193,-0.5973490977481768,2.6480471994086434,0.12549981320900874,2.929291864138621,3.5888215233676006,0.16794838732242864,0.23093675666586166,0.15244179163948593,0.16794838732242864,1310.8137557266666,1306.5418518833333,1306.5418518833333,1310.8137557266666,1.0888657920519145,0.23093675666586166,0.15244179163948593,COMPLETE
137,1.8406993843623312,2025-08-18 08:15:28,2025-08-18 09:48:41,0 days 01:33:13,77.97509511647613,-0.5842292235961344,0.08214353189299572,-0.5998925150093353,10.405698602801092,0.13032840972463294,3.0588031779466585,3.5782389700495774,,2.2117069631033375,,,,-254.84714587,,,,1.8406993843623312,,PRUNED
138,0.9583802609443306,2025-08-18 09:48:41,2025-08-18 11:04:48,0 days 01:16:07,73.51469368328179,-0.7362339735146501,2.5471505720362018,-0.6755976374224657,2.798658913940041,0.17019998457479604,2.386657916888049,4.977232999730354,,1.6559878047100842,,,,-663.0771139099999,,,,0.9583802609443306,,PRUNED
139,0.1306452885718373,2025-08-18 09:51:11,2025-08-18 12:17:42,0 days 02:26:31,43.01121163460421,-0.7066222592150989,3.4030876858317844,-0.68190238524795,2.669297148768277,0.05042380363102905,3.1885540190750232,2.9488854718886497,0.1306452885718373,0.17606180382902312,0.15658741541435256,0.1306452885718373,-120.05046160333335,-148.79587725333332,-120.05046160333335,-120.05046160333335,1.1960617215781209,0.17606180382902312,0.15658741541435256,COMPLETE
140,0.15206356985234853,2025-08-18 10:09:28,2025-08-18 12:32:43,0 days 02:23:15,73.77703131356311,-0.6071523820396826,4.0028385871927945,-0.6691507784016189,3.7987982285448307,0.04906613191673205,2.4304672298085137,3.8686469812223008,0.15206356985234853,0.13357444902851853,0.15144916755876747,0.15206356985234853,543.0172662066667,513.12054758,533.9592075733333,543.0172662066667,1.3301661500358395,0.15144916755876747,,COMPLETE
141,2.2914914524715146,2025-08-18 11:04:48,2025-08-18 11:52:17,0 days 00:47:29,61.359039158319455,-0.6121625728148706,9.784131620881999,-0.9615022553893554,1.5229038164888054,0.06975804940769528,3.1898889782529665,4.058214974163099,,,,,,,,,,2.2914914524715146,,PRUNED
142,0.13676913417453893,2025-08-18 11:52:17,2025-08-18 14:14:22,0 days 02:22:05,75.42838035999986,-0.5360744024841004,12.930854069620047,-0.7022180345626207,7.9322264151593584,0.11199315967673937,3.5940483306198074,3.2214665622305807,0.13676913417453893,0.140035935257485,0.15504841112046167,0.13676913417453893,1962.2937629233331,1961.646162823333,1962.2937629233331,1962.2937629233331,1.0341159325286444,0.15504841112046167,,COMPLETE
143,0.17108047001459378,2025-08-18 12:17:42,2025-08-18 14:39:03,0 days 02:21:21,37.98882550788478,-0.5873043410993121,6.425285357473912,-0.6434312144421008,3.6142780233650864,0.04893309859629615,3.3902936068817415,2.9219410931432535,0.17108047001459378,0.16688560197854516,0.16144607454771598,0.17108047001459378,658.34538027,656.9279351166666,656.9279351166666,658.34538027,1.6709640078702297,0.16688560197854516,0.16144607454771598,COMPLETE
144,0.16122079530335715,2025-08-18 12:32:43,2025-08-18 14:56:06,0 days 02:23:23,51.80854873653548,-0.6995364765744179,6.421993834796392,-0.6958198835778542,3.82133362583473,0.009775808169599817,3.3600676381665475,2.955406769270126,0.16122079530335715,0.15437184504710766,0.12045384582575515,0.16122079530335715,237.77801274333333,215.73823450666669,233.46050379666667,237.77801274333333,0.977744587357758,0.12045384582575515,,COMPLETE
145,0.21032611357028397,2025-08-18 14:14:22,2025-08-18 16:36:41,0 days 02:22:19,42.19257846119069,-0.6767127177132165,6.517624630104476,-0.6402011928386041,7.913225348049642,0.005178886523829224,3.735267990235818,2.9638443869362887,0.21032611357028397,0.1684904967021241,0.18439855507633718,0.21032611357028397,451.03533482000006,445.2686320566666,445.2686320566666,451.03533482000006,1.6171692171930374,0.1684904967021241,0.18439855507633718,COMPLETE
146,0.24905397919872904,2025-08-18 14:39:03,2025-08-18 17:01:23,0 days 02:22:20,43.93822622794258,-0.704408916521508,6.772911505867939,-0.6959447386712485,8.086297154153261,0.001573229882397137,3.7722684339143924,2.9823191238926166,0.24905397919872904,0.1500305602063078,0.21442339442013755,0.24905397919872904,232.00197025333333,220.35488684666666,227.59135659666666,232.00197025333333,1.5715846834406857,0.21442339442013755,,COMPLETE
147,1.5714316677125761,2025-08-18 14:56:06,2025-08-18 15:34:32,0 days 00:38:26,43.621137713681115,-0.6687300101477642,3.813626298388428,-0.8161015789709796,8.035186868351122,0.10548607271830114,3.6407470279567478,3.228946647151716,,,,,,,,,,1.5714316677125761,,PRUNED
148,0.23140634589736184,2025-08-18 15:34:32,2025-08-18 16:49:01,0 days 01:14:29,42.15487606565987,-0.7095817489025575,13.428372135765146,-0.8282720719036175,8.63999934924138,0.09185187057491728,3.7044040088504295,2.6542742408240243,,0.2208784417754235,,,,-362.85214264,,,,0.2208784417754235,0.23140634589736184,PRUNED
149,0.22641059932371332,2025-08-18 16:36:41,2025-08-18 18:58:53,0 days 02:22:12,49.4888713051953,-0.7043597589379397,12.86722206609851,-0.5216994037718491,6.199911968767689,0.08758682631050158,3.078717829419606,2.519132323232618,0.22641059932371332,0.17396440141021605,0.1958579224450329,0.22641059932371332,1034.8899535733335,1032.1988270133334,1032.1988270133334,1034.8899535733335,1.4220336111945187,0.1958579224450329,,COMPLETE
150,0.15227155239007142,2025-08-18 16:49:02,2025-08-18 19:15:08,0 days 02:26:06,45.88511888419514,-0.766758722051997,8.229723564275275,-0.7660448654391582,2.1060565756175333,0.07032581745793548,3.965400110539659,3.055753856386125,0.15227155239007142,0.21210794216276732,0.15831599002071906,0.15227155239007142,-184.10953577,-203.68101351666664,-189.90178354,-184.10953577,1.8944394156437172,0.15831599002071906,,COMPLETE
151,0.14949159181987062,2025-08-18 17:01:23,2025-08-18 19:22:35,0 days 02:21:12,48.80319615779911,-0.4623878254381466,1.314064093486592,-0.75178528967993,6.3773065834201725,0.07265719279368182,3.1079187206979806,2.4999580055059925,0.14949159181987062,0.16926461981996224,0.16055100311025575,0.14949159181987062,314.09422049999995,308.9818087133333,314.09422049999995,314.09422049999995,1.8436287707711163,0.16926461981996224,0.16055100311025575,COMPLETE
152,0.1315104026332484,2025-08-18 18:58:53,2025-08-18 21:21:06,0 days 02:22:13,84.4192062677711,-0.5329415370431866,8.937115501282735,-0.7570112610499609,6.337872307073636,0.12098660390132521,3.2412479685312996,2.777264522398748,0.1315104026332484,0.16282929415061395,0.14602508596568806,0.1315104026332484,1390.0113850066666,1350.1494884366666,1354.0517205033332,1390.0113850066666,1.224501040913247,0.14602508596568806,,COMPLETE
153,0.1395670764049762,2025-08-18 19:15:08,2025-08-18 21:36:26,0 days 02:21:18,82.8922174046929,-0.521514794090945,1.2853961304918418,-0.6769900355853392,4.915894523123032,0.11584805092915823,3.130130238514041,2.791455129992474,0.1395670764049762,0.1919424446897465,0.1135556660502251,0.1395670764049762,312.37531022,306.7141720966667,312.37531022,312.37531022,1.140539531913331,0.1919424446897465,0.1135556660502251,COMPLETE
154,0.2985364740307862,2025-08-18 19:22:35,2025-08-18 20:33:42,0 days 01:11:07,83.22477271206643,-0.532631212029154,66.06012558002288,-0.676907962036541,4.958907902754809,0.12196635196684692,3.2515413703034484,2.7683592372316403,,0.25087152765745974,,,,2711.196136503333,,,,0.2985364740307862,,PRUNED
155,0.11687667670555023,2025-08-18 20:33:42,2025-08-18 23:00:17,0 days 02:26:35,87.19287774844008,-0.6295527313327842,9.753643644900002,-0.7949199148574623,1.212454788590036,0.14378480266084673,2.986004989862711,3.4786615270027386,0.11687667670555023,0.18305324583136642,0.15619022833336824,0.11687667670555023,425.45285692,337.67178197333334,362.95576289,425.45285692,1.5938951062792628,0.18305324583136642,0.15619022833336824,COMPLETE
156,0.20456473211937165,2025-08-18 21:21:06,2025-08-18 23:47:17,0 days 02:26:11,89.77084616394258,-0.6273779705209167,4.591399249585509,-0.7120819477239491,0.9703081706124028,0.050777091403618066,3.4579252415933324,2.6476086281809534,0.20456473211937165,0.15378335235518395,0.14820215825258598,0.20456473211937165,407.77771620666664,401.72458097666663,407.77771620666664,407.77771620666664,1.54735304445562,0.14820215825258598,,COMPLETE
157,0.18496228604104728,2025-08-18 21:36:26,2025-08-19 00:03:25,0 days 02:26:59,67.87025493897214,-0.4957048466252794,2.0941163754394783,-0.7070297971771341,1.334091448139652,0.12871569756680887,3.470345956160464,2.6749165412985656,0.18496228604104728,0.21479614940476677,0.1729849631241025,0.18496228604104728,509.8766620266667,499.02608998333335,509.09348602,509.8766620266667,1.450088872872984,0.21479614940476677,0.1729849631241025,COMPLETE
158,0.3051231125328307,2025-08-18 23:00:17,2025-08-18 23:36:37,0 days 00:36:20,87.54494273357884,-0.48622765429406467,0.01131687389049807,-0.7884608653820567,1.5088648863648304,0.1356666731135044,3.1493258646959448,2.689465756838062,,,,,,,,,,0.3051231125328307,,PRUNED
159,0.2265732557370975,2025-08-18 23:36:37,2025-08-19 02:08:39,0 days 02:32:02,90.31205061226373,-0.5123662264406624,87.77649927448505,-0.7080904626081833,0.797979494384345,0.20909649867020924,2.9872517843834028,3.302128146983474,0.2265732557370975,0.12296701157037525,0.15250381241463937,0.2265732557370975,3040.4712684866668,3040.4712684866668,3040.4712684866668,3040.4712684866668,1.3267221510004727,0.15250381241463937,,COMPLETE
160,0.26447873400284255,2025-08-18 23:47:17,2025-08-19 00:23:30,0 days 00:36:13,84.82212422283892,-0.5067247882760431,3.1184758719298866,-0.6952360947012389,0.17717999380408767,0.11234469142547471,3.285901249763813,3.2661772822602635,,,,,,,,,,0.26447873400284255,,PRUNED
161,0.11100243954414786,2025-08-19 00:03:25,2025-08-19 02:27:14,0 days 02:23:49,86.42133628503574,-0.5098388229917709,9.470436008135096,-0.8019760115268034,2.641907537667637,0.11102649644975478,3.0017282541654744,3.2715059673962217,0.11100243954414786,0.15019415882173592,0.1084247270771405,0.11100243954414786,1149.0963037600002,1122.4975144500002,1149.0963037600002,1149.0963037600002,1.4936868909522978,0.1084247270771405,,COMPLETE
162,0.2977621888168156,2025-08-19 00:23:30,2025-08-19 01:03:23,0 days 00:39:53,94.07862418962114,-0.6432349206822136,9.42193930355638,-0.7378557144539526,3.307777048518163,0.09829680721760226,2.972815560507432,3.5011497924739436,,,,,,,,,,0.2977621888168156,,PRUNED
163,0.2503967176034725,2025-08-19 01:03:23,2025-08-19 03:29:37,0 days 02:26:14,90.45390474555587,-0.5816286352466085,89.1498010852913,-0.7987824490279427,2.2468569042882276,0.15278717951565923,3.202854046975166,3.38863213832714,0.2503967176034725,0.33253850211428576,0.22453725703416605,0.2503967176034725,1475.9596459566667,-345.04821171333333,1356.0430212866668,1475.9596459566667,1.525149018313723,0.22453725703416605,,COMPLETE
164,0.21902561674712653,2025-08-19 02:08:39,2025-08-19 03:19:48,0 days 01:11:09,85.97265442957004,-0.5877744331267601,4.841549460650585,-0.7975115639476907,2.6566561413242162,0.1550288889865865,3.2565026731031157,3.427534262664902,,0.2078068953874934,,,,11.252067780000004,,,,0.2078068953874934,0.21902561674712653,PRUNED
165,0.18139350541223379,2025-08-19 02:27:14,2025-08-19 04:49:46,0 days 02:22:32,86.24817948083498,-0.5839678908363054,11.054293784424658,-0.8014787012514881,2.182615515538888,0.14763401061902567,3.1653835639819214,3.1298968126574915,0.18139350541223379,0.2686457268148449,0.21848705807296528,0.18139350541223379,828.8830756866668,799.8793929000002,799.8793929000002,828.8830756866668,1.4279519443236801,0.21848705807296528,,COMPLETE
166,0.23959093164746917,2025-08-19 03:19:48,2025-08-19 04:31:18,0 days 01:11:30,82.47015756977801,-0.5260867127040553,11.270798319473458,-0.7774848600123956,2.0135612256666957,0.11950373977111022,3.1330476050685503,3.1797814674943328,,0.24304729263586491,,,,1168.122107143333,,,,0.24304729263586491,0.23959093164746917,PRUNED
167,1.0404083099660582,2025-08-19 03:29:37,2025-08-19 04:47:51,0 days 01:18:14,81.71470372324613,-0.4448786126509311,10.758562519182856,-0.5540655475444283,4.11531096979736,0.11387721188118566,3.118252592282019,2.57187547713319,,0.9230476576184928,,,,2382.0121429166666,,,,1.0404083099660582,,PRUNED
168,0.2487758710897127,2025-08-19 04:31:18,2025-08-19 06:50:31,0 days 02:19:13,86.41943969982279,-0.44540443428933985,8.869981083564689,-0.754506943454808,4.459798646294958,0.17992795884006002,2.8197086268392257,3.0733854032852364,0.2487758710897127,0.25069040818366967,0.19170328148116833,0.2487758710897127,1998.1240566333333,1976.434762446667,1976.434762446667,1998.1240566333333,1.6749217137685324,0.19170328148116833,,COMPLETE
169,1.6002509891432168,2025-08-19 04:47:51,2025-08-19 05:29:27,0 days 00:41:36,86.83775673193524,-0.8952846808665639,9.258800691398644,-0.8297738538084393,2.831453039311465,0.18052934826447042,3.014240521572508,2.831312430281806,,,,,,,,,,1.6002509891432168,,PRUNED
170,0.13662278655049728,2025-08-19 04:49:46,2025-08-19 07:09:52,0 days 02:20:06,95.65216878380276,-0.47001037674185103,8.786389383462316,-0.7522570106495673,3.010393582949295,0.08962158832761863,2.8469633324945027,2.8238056003591994,0.13662278655049728,0.1820028845249103,0.14538632817120722,0.13662278655049728,2125.5293661299997,2125.5293661299997,2125.5293661299997,2125.5293661299997,1.278316965213345,0.1820028845249103,0.14538632817120722,COMPLETE
171,0.11476239395786926,2025-08-19 05:29:27,2025-08-19 07:49:12,0 days 02:19:45,88.80672462015418,-0.4655397069415272,13.749075027572779,-0.6565563131909598,26.623562278891637,0.08463399490794608,2.8346957595336213,3.7118757115791317,0.11476239395786926,0.15840364973768734,0.20591851553497817,0.11476239395786926,3112.1018551799993,3112.1018551799993,3112.1018551799993,3112.1018551799993,0.888301244704249,0.20591851553497817,,COMPLETE
172,0.17514353667819071,2025-08-19 06:50:31,2025-08-19 09:12:13,0 days 02:21:42,47.06616709705014,-0.5667211065545652,4.548785155017325,-0.7493220054532981,7.1691353468874075,0.08068229484072893,3.3445548337163507,3.69101828409463,0.17514353667819071,0.1553152236629619,0.1684678227859712,0.17514353667819071,294.18131766,294.18131766,294.18131766,294.18131766,1.5929172441850026,0.1553152236629619,0.1684678227859712,COMPLETE
173,0.20077813311916495,2025-08-19 07:09:52,2025-08-19 09:32:06,0 days 02:22:14,98.18719334568964,-0.5453514876260884,2.3429423032467604,-0.7276034613664812,3.4579308651411633,0.08733690972640204,2.9236817309473575,2.828848018423561,0.20077813311916495,0.181297212044759,0.14121318012735598,0.20077813311916495,362.50359339333335,313.5365123433334,346.80465810333334,362.50359339333335,0.9618819679631899,0.14121318012735598,,COMPLETE
174,0.18930837283857657,2025-08-19 07:49:12,2025-08-19 09:03:40,0 days 01:14:28,98.86760767393564,-0.4710722745908151,14.008369345785773,-0.6380062208852058,28.06454992757311,0.09086044164768553,2.6736964058123993,2.8016058665967725,,0.16192749624140687,,,,3498.377534466667,,,,0.16192749624140687,0.18930837283857657,PRUNED
175,,2025-08-19 09:03:40,,,93.85506153482758,-0.466604390764987,13.19899379162954,-0.6604578336843862,3.238949506288359,0.07922092737889173,2.9096812612043736,3.2278928508625633,,0.23450735551145377,0.1782862351386553,,,3142.6209287466663,3148.885132953333,,,0.1782862351386553,,RUNNING
176,,2025-08-19 09:12:13,,,92.4676264822684,-0.48589257023968435,13.397554602782552,-0.6567353286439312,3.3219674621754782,0.10367871372058143,2.9010728764874334,2.760553055984634,,0.14656542479597512,0.17033831474114494,,,3024.5107968866664,3044.7037974933337,,,0.14656542479597512,0.17033831474114494,RUNNING
177,,2025-08-19 09:32:06,,,94.72414788683987,-0.48413914154148663,12.427293391028012,-0.6608519852871372,22.32078370019756,0.10900701564185394,2.818025984864795,3.4900066581370326,,0.1513731229028166,,,,3077.9833518366668,,,,,,RUNNING
178,0.2979505920148033,2025-08-20 02:13:31,2025-08-20 04:40:48,0 days 02:27:17,94.84111186304168,-0.4276625079023018,47.83806908668025,-0.6648254897185384,1.4909788647872877,0.10091287677167951,2.8054165052274103,3.217270971768578,0.2979505920148033,0.13651481444266764,0.18548282506904576,0.2979505920148033,3936.41233864,3842.0794538000005,3936.41233864,3936.41233864,1.9625300758777342,0.18548282506904576,,COMPLETE
179,0.19117626603801977,2025-08-20 02:13:36,2025-08-20 03:24:19,0 days 01:10:43,93.50873846654282,-0.4693875582480165,13.761862405933627,-0.6600020351874145,22.44175901711072,0.10774800898571785,2.7988361377630393,3.3292610940275007,,0.21997659925056082,,,,3214.56909366,,,,0.21997659925056082,0.19117626603801977,PRUNED
180,1.688901724022996,2025-08-20 02:13:42,2025-08-20 03:51:43,0 days 01:38:01,96.62983619409353,-0.4805857439313678,13.344331394695123,-0.9998022865431211,22.420770826328607,0.11361518324820225,2.7812557411167935,3.3320892744836517,,2.235458717709776,,,,-1636.863443,,,,1.688901724022996,,PRUNED
181,0.17465223550010398,2025-08-20 03:24:19,2025-08-20 05:42:57,0 days 02:18:38,95.61410098296305,-0.49412714015559367,6.332612985955912,-0.6831573443155445,25.531063128474067,0.13113324620032438,2.8624419783001995,3.2258401197245097,0.17465223550010398,0.1523386128696146,0.1396939515220127,0.17465223550010398,2051.070646243333,2051.070646243333,2051.070646243333,2051.070646243333,1.4980127398493925,0.1523386128696146,0.1396939515220127,COMPLETE
182,0.28171447177477665,2025-08-20 03:51:43,2025-08-20 06:18:33,0 days 02:26:50,94.93246206498176,-0.5275869068847782,46.20464493026197,-0.6094611932862702,1.3342381180919707,0.03595647171301823,3.066997761923328,3.215912989445749,0.28171447177477665,0.2247291256421824,0.19938763862655792,0.28171447177477665,3296.700734733333,3296.700734733333,3296.700734733333,3296.700734733333,1.3831923875328282,0.19938763862655792,,COMPLETE
183,0.2822629954076223,2025-08-20 04:40:48,2025-08-20 05:15:34,0 days 00:34:46,84.16503898874893,-0.5075940237346143,7.552779734207066,-0.6058091439211967,3.1884954090236026,0.03278149118497527,3.0561558614837114,2.7466168880929933,,,,,,,,,,0.2822629954076223,,PRUNED
184,0.17594947091166624,2025-08-20 05:15:34,2025-08-20 07:32:55,0 days 02:17:21,91.34503141442568,-0.6494461624764624,16.517831730752256,-0.6859747359785555,2.6161528511053986,0.2815737535349269,2.961001497277994,3.500982110912177,0.17594947091166624,0.23434807274130365,0.1938035176540833,0.17594947091166624,1929.160131963333,1929.160131963333,1929.160131963333,1929.160131963333,1.3062558999442277,0.1938035176540833,,COMPLETE
185,0.2860276840067681,2025-08-20 05:42:57,2025-08-20 08:02:00,0 days 02:19:03,88.87906016790413,-0.5288952394646214,8.320166156885062,-0.720027295179277,2.6803666599182625,0.05423526081254655,2.9691294641774184,3.516986324363839,0.2860276840067681,0.1409506025307919,0.13677976579844123,0.2860276840067681,1709.2561330366668,1708.8834887033336,1709.2561330366668,1709.2561330366668,1.956982039230093,0.1409506025307919,0.13677976579844123,COMPLETE
186,0.20734903839710475,2025-08-20 06:18:33,2025-08-20 08:37:42,0 days 02:19:09,88.75251946083067,-0.6802836323800784,8.446442439873959,-0.7182513114316145,4.61560018840594,0.062001721939119,2.9338488383986276,3.630115755457181,0.20734903839710475,0.20097113839374883,0.14149143757996882,0.20734903839710475,740.9798798133332,577.7648850699999,689.4005776866666,740.9798798133332,1.7485420895943704,0.14149143757996882,,COMPLETE
187,0.16538329325775056,2025-08-20 07:32:55,2025-08-20 09:52:45,0 days 02:19:50,88.52450555228523,-0.6757268460052257,8.493287151584838,-0.7199044721481447,4.715267997653521,0.06428911582516098,2.8884714375209857,3.5383287102660703,0.16538329325775056,0.23060400568635486,0.12253639836985068,0.16538329325775056,711.9004270533334,542.6272486866666,686.8300426866666,711.9004270533334,1.1604239952806663,0.23060400568635486,0.12253639836985068,COMPLETE
188,0.17246029402842486,2025-08-20 08:02:00,2025-08-20 10:24:03,0 days 02:22:03,76.69750566503396,-0.6772846994731861,3.304056313999383,-0.77772663059686,5.925171628445632,0.07118813556692953,2.8773070013858684,3.648117233787681,0.17246029402842486,0.20003173176917363,0.16849458128643965,0.17246029402842486,-503.3682389266667,-652.03593591,-555.7647710166667,-503.3682389266667,1.3231608698464061,0.20003173176917363,0.16849458128643965,COMPLETE
189,0.2125747518143648,2025-08-20 08:37:42,2025-08-20 11:03:36,0 days 02:25:54,91.99020524187257,-0.5612933146408006,3.557939921329142,-0.7698738324108375,1.7693638038114816,0.07703545752089613,1.5075670422811518,3.7212850871228844,0.2125747518143648,0.1520198790022481,0.156590882423846,0.2125747518143648,218.65650113333334,187.60473428666668,197.54374398333334,218.65650113333334,0.9929107391366546,0.156590882423846,,COMPLETE
190,0.17431719258006473,2025-08-20 09:52:45,2025-08-20 12:20:26,0 days 02:27:41,35.05749626207501,-0.5663067427695053,3.5989807083089156,-0.7383592821310272,11.74074654189195,0.08397497735339446,3.047615844513957,3.4108089875881014,0.17431719258006473,0.23999488437701433,0.18757733981058658,0.17431719258006473,175.2995734233333,165.4060406233333,175.2995734233333,175.2995734233333,1.7167479909092431,0.18757733981058658,,COMPLETE
191,2.237162557350983,2025-08-20 10:24:03,2025-08-20 11:10:02,0 days 00:45:59,91.72626909495666,-0.5680430581275208,0.015381253684790153,-0.7481443703914911,14.691254644036883,0.0874526025189137,3.8438504147128736,3.7519889474586234,,,,,,,,,,2.237162557350983,,PRUNED
192,0.2542312866830361,2025-08-20 11:03:36,2025-08-20 12:21:02,0 days 01:17:26,34.972424541233515,-0.6262116272127144,6.0466813378205355,-0.7453740203101569,4.057619084402562,0.1379558366853683,2.526802500824387,2.885292513365131,,0.17014726075630515,,,,191.38942355666666,,,,0.2542312866830361,,PRUNED
193,0.24582841332636138,2025-08-20 11:10:02,2025-08-20 11:48:16,0 days 00:38:14,39.52719726729948,-0.632567423335538,76.20494698090124,-0.583647345850818,0.47710773049406696,0.5884823977916369,3.0675073349064883,3.429053809865512,,,,,,,,,,0.24582841332636138,,PRUNED
194,0.16626459639387237,2025-08-20 11:48:16,2025-08-20 14:17:58,0 days 02:29:42,48.305509245347054,-0.6087206712202308,5.3678391470848785,-0.6475448786291738,11.696760343544938,0.13437007444732157,2.722623727964763,3.0080765818290884,0.16626459639387237,0.16496799530316628,0.207148968552238,0.16626459639387237,616.1531205333334,616.1531205333334,616.1531205333334,616.1531205333334,1.180664633103065,0.207148968552238,,COMPLETE
195,1.0090741230297045,2025-08-20 12:20:26,2025-08-20 13:36:40,0 days 01:16:14,70.48187008942107,-0.6189982840273333,5.201355704142197,-0.8116272785788923,6.161716635959437,0.10696732771292804,3.2241732151795266,2.569599953077257,,0.12184923868557085,,,,-144.87534623,,,,0.12184923868557085,1.0090741230297045,PRUNED
196,0.21573303800700627,2025-08-20 12:21:02,2025-08-20 14:53:09,0 days 02:32:07,55.31681393002851,-0.6070840439403069,5.455276165060535,-0.6902115542108416,6.316569736589962,0.10297781771743225,3.2214124935086335,2.5712399834412483,0.21573303800700627,0.2043240369242411,0.15705691989932677,0.21573303800700627,564.86823246,564.86823246,564.86823246,564.86823246,1.1329961082532038,0.15705691989932677,,COMPLETE
197,0.1889139152419943,2025-08-20 13:36:40,2025-08-20 14:52:17,0 days 01:15:37,54.26151391018583,-0.5983245536364865,6.026948907321994,-0.695143458482596,29.895905685802497,0.05285589766690015,2.709783574931947,3.0203602411723205,,0.14396569736838266,,,,670.58992194,,,,0.14396569736838266,0.1889139152419943,PRUNED
198,0.20859285184354878,2025-08-20 14:17:58,2025-08-20 15:38:21,0 days 01:20:23,54.27106478876704,-0.7251679931917946,11.734970108672384,-0.6961135828963733,7.546016213638375,0.02285647552669079,3.5802236393864617,3.471752856565839,,0.1603421351631823,,,,580.0446825333333,,,,0.1603421351631823,0.20859285184354878,PRUNED
199,0.20228748611337366,2025-08-20 14:52:17,2025-08-20 17:27:31,0 days 02:35:14,67.00930968135185,-0.542975811640374,11.60178415085807,-0.7725371047044728,7.243132549997958,0.021322620086383776,3.560928615671691,3.586110151192843,0.20228748611337366,0.16844255441331848,0.19869178229313075,0.20228748611337366,1128.3204767566667,1075.9299357266666,1128.3204767566667,1128.3204767566667,1.0647529722556184,0.19869178229313075,,COMPLETE
200,0.22336091474993094,2025-08-20 14:53:09,2025-08-20 17:34:39,0 days 02:41:30,66.42672721804625,-0.5480900458232192,11.214994987245904,-0.8493006537695189,7.447061464629115,0.03096420246397661,3.54015045825944,3.5852477453570524,0.22336091474993094,0.26158960436855955,0.15085663531587856,0.22336091474993094,241.34650251000002,-0.29378096999999076,215.1609516,241.34650251000002,1.0805798356416367,0.15085663531587856,,COMPLETE
201,0.1448228252937073,2025-08-20 15:38:21,2025-08-20 18:08:25,0 days 02:30:04,65.60002020896633,-0.5345924783813527,10.428317132178934,-0.8493704934277437,6.963481495626171,0.06574083681717333,4.669839865439632,3.607785713161076,0.1448228252937073,0.16324541641847107,0.162637814836912,0.1448228252937073,332.19697193999997,272.8045753466667,314.87278942333336,332.19697193999997,1.3044705970319102,0.16324541641847107,0.162637814836912,COMPLETE
202,1.6455611899472904,2025-08-20 17:27:31,2025-08-20 18:49:23,0 days 01:21:52,61.96282262914321,-0.6544029878930144,1.3489521580858685,-0.8490792379123733,3.193658749144129,0.46867355959010837,3.1511414969886333,3.5926404658075817,,1.6866161196878318,,,,-603.9513729966666,,,,1.6455611899472904,,PRUNED
203,0.1658637596636355,2025-08-20 17:34:39,2025-08-20 20:04:33,0 days 02:29:54,78.22773381346298,-0.5149972291730698,1.867683127027099,-0.7584487805641451,3.278476930354527,0.4634533948294186,4.778349631766128,2.7308337495094883,0.1658637596636355,0.1693792605051613,0.15949247049430362,0.1658637596636355,264.20619383,255.85837239333333,264.20619383,264.20619383,1.0274056323511511,0.1693792605051613,0.15949247049430362,COMPLETE
204,0.14203897873286195,2025-08-20 18:08:25,2025-08-20 20:54:21,0 days 02:45:56,78.71674473864995,-0.5122005038189327,1.7717725209029704,-0.8262178957063623,3.1267481643869046,0.12100814497305401,4.553512792173653,2.715996821604499,0.14203897873286195,0.18292521640129097,0.16715570021689707,0.14203897873286195,85.74180047333334,37.866349946666666,82.35520481,85.74180047333334,1.4448311231780753,0.16715570021689707,,COMPLETE
205,0.19965118743019253,2025-08-20 18:49:23,2025-08-20 21:49:10,0 days 02:59:47,72.67739598634734,-0.508050340381741,8.187235235810219,-0.866863498119008,5.556687597395031,0.06556108626326704,4.289393281808892,3.8310288363943608,0.19965118743019253,0.20821913122849942,0.17250959058171034,0.19965118743019253,105.63117343666669,82.46973096,93.45976632666668,105.63117343666669,1.1451061855755282,0.20821913122849942,0.17250959058171034,COMPLETE
206,0.21193340774021252,2025-08-20 20:04:33,2025-08-20 23:23:13,0 days 03:18:40,72.72740671439695,-0.4878933627640255,9.535631271517408,-0.8922260900474248,6.6801750789802,0.06672496928917843,4.177249787993466,3.8495320403551236,0.21193340774021252,0.1983019629318752,0.1690214719611602,0.21193340774021252,-89.37466121,-127.43889717666666,-91.32844584333333,-89.37466121,1.5421874900543362,0.1690214719611602,,COMPLETE
207,0.23415065024795312,2025-08-20 20:54:21,2025-08-20 22:27:37,0 days 01:33:16,84.07706361601659,-0.4605825561972045,8.777531469373631,-0.8951202607988741,5.597940824658246,0.5251114485562757,4.639787397140798,2.432116545971694,,0.15811972758017626,,,,-534.0472686066665,,,,0.15811972758017626,0.23415065024795312,PRUNED
208,0.1897759242858743,2025-08-20 21:49:10,2025-08-21 01:21:33,0 days 03:32:23,75.30298286355533,-0.4932450387312033,9.376036888096158,-0.9064528702121983,2.0061283305753097,0.09301203943382698,4.8738208998938415,2.78110030537919,0.1897759242858743,0.18181918406669717,0.17114533275131127,0.1897759242858743,-184.3941813,-194.07935261666663,-187.65514563666667,-184.3941813,1.5929205146351262,0.18181918406669717,0.17114533275131127,COMPLETE
209,0.21780600403826933,2025-08-20 22:27:37,2025-08-21 01:49:39,0 days 03:22:02,81.1813934162216,-0.4914663030398863,10.181721238047732,-0.8313535033689927,2.184675846150809,0.12051170477812688,4.45012690061876,2.7101710471555367,0.21780600403826933,0.15363446346723303,0.11290659973498259,0.21780600403826933,883.9101249166666,714.7879966866667,879.7263272566665,883.9101249166666,1.4703579505859796,0.11290659973498259,,COMPLETE
210,0.15410207328269163,2025-08-20 23:23:13,2025-08-21 02:35:47,0 days 03:12:34,79.94465010659087,-0.5293075022039335,2.425331667070677,-0.8309599976732442,1.89851371558525,0.11953105843990193,4.423558924161512,2.6639517434393856,0.15410207328269163,0.23425240129926536,0.16449223763250578,0.15410207328269163,-0.5480486566666668,-9.226108833333335,-2.5395362899999996,-0.5480486566666668,1.2329138041747993,0.16449223763250578,,COMPLETE
211,0.18580632654778237,2025-08-21 01:21:33,2025-08-21 03:56:43,0 days 02:35:10,80.96049772789094,-0.534538757152012,14.511088443732081,-0.6268941178287809,2.5305186504789754,0.11525775295446437,4.489671838433081,2.639710106217324,0.18580632654778237,0.1411356344191397,0.1259020120256701,0.18580632654778237,2545.2275945899996,2511.4787261433335,2511.4787261433335,2545.2275945899996,1.7030149641899879,0.1411356344191397,0.1259020120256701,COMPLETE
212,0.23955426475066677,2025-08-21 01:49:39,2025-08-21 03:05:52,0 days 01:16:13,45.53693765187303,-0.538825118814026,1.9915820026557984,-0.8177043255535218,3.956488246125988,0.11348294950019643,4.531901977721671,2.637351115937667,,0.1503316241050731,,,,-12.488686743333334,,,,0.23955426475066677,,PRUNED
213,0.20209074821367945,2025-08-21 02:35:47,2025-08-21 03:53:11,0 days 01:17:24,50.70563455486955,-0.5452759585064335,14.758900459391624,-0.8104879971776541,3.825115365569338,0.155181743068911,4.618202557787509,3.0976539349947316,,0.1362107060755252,,,,717.0020030433334,,,,0.1362107060755252,0.20209074821367945,PRUNED
214,0.25415624280502147,2025-08-21 03:05:52,2025-08-21 04:21:54,0 days 01:16:02,82.36121353900928,-0.5159985942546772,6.8079992829191385,-0.7970399857140458,17.553246777580974,0.14416241516889203,4.629218338817294,2.8889092372714575,,0.19636078560559053,,,,763.9066331866667,,,,0.25415624280502147,,PRUNED
215,0.14878281415367742,2025-08-21 03:53:12,2025-08-21 06:26:32,0 days 02:33:20,64.64840203216139,-0.5898757054154083,3.9924030778457493,-0.7868292598796488,6.805364270260329,0.08728884682867052,3.0304920783819354,3.379627924694815,0.14878281415367742,0.16118769105008393,0.16085113342909027,0.14878281415367742,70.85785565,14.124227463333334,59.32817144999999,70.85785565,1.680045930874444,0.16118769105008393,0.16085113342909027,COMPLETE
216,0.15012962442532424,2025-08-21 03:56:43,2025-08-21 06:30:59,0 days 02:34:16,63.08102742171741,-0.590047024182658,4.158631393210531,-0.7890136145083861,6.442652804613146,0.08073750281090873,2.99346384949052,3.343827988271282,0.15012962442532424,0.18054603021090118,0.18541289003162373,0.15012962442532424,46.26363799999999,25.82803031666666,44.93632036333332,46.26363799999999,1.5932423155215776,0.18541289003162373,,COMPLETE
217,0.2569045354232235,2025-08-21 04:21:54,2025-08-21 06:54:13,0 days 02:32:19,64.24699599766655,-0.5842689016398523,3.8110675376707173,-0.6673744554219969,6.492347442833798,0.08855841987617213,3.324106398763027,3.3873647315613544,0.2569045354232235,0.17724508650349982,0.16492898378778725,0.2569045354232235,553.7806242833334,553.7806242833334,553.7806242833334,553.7806242833334,1.5829165880702536,0.17724508650349982,0.16492898378778725,COMPLETE
218,0.20339177117047805,2025-08-21 06:26:32,2025-08-21 08:58:17,0 days 02:31:45,69.65204573918069,-0.6399752910286536,6.836728340107399,-0.672403973288247,9.54595152608539,0.04140283306308834,3.321762159572461,3.679516020735393,0.20339177117047805,0.14249803091982402,0.13584588381992857,0.20339177117047805,855.5533293533334,855.5533293533334,855.5533293533334,855.5533293533334,1.1833311005342184,0.14249803091982402,0.13584588381992857,COMPLETE
219,2.2342121287737218,2025-08-21 06:30:59,2025-08-21 08:16:43,0 days 01:45:44,59.505519381175965,-0.6424424603056378,0.038712858366271696,-0.7329602222728202,1.096170962849927,0.050355835821124746,2.279399658220838,3.687773546646404,,2.2859452480772795,,,,-352.9334991466667,,,,2.2342121287737218,,PRUNED
220,1.6009333198213478,2025-08-21 06:54:13,2025-08-21 07:38:42,0 days 00:44:29,68.9644121325003,-0.632613672733772,6.815632202970213,-0.8700427617991074,5.066017495436808,0.048521735796975426,4.837051898968401,3.677707946754338,,,,,,,,,,1.6009333198213478,,PRUNED
221,1.5777730872200315,2025-08-21 07:38:42,2025-08-21 09:09:47,0 days 01:31:05,78.09222182667995,-0.5628355159815841,0.18615187344638628,-0.7308017162290277,8.744339171209692,0.04708958323481783,3.127904940810572,3.4989995446162623,,2.2249325713353127,,,,-234.28136674666666,,,,1.5777730872200315,,PRUNED
222,0.18951321540090219,2025-08-21 08:16:43,2025-08-21 10:48:27,0 days 02:31:44,85.06130536278961,-0.45321879917480207,6.853822508712914,-0.7700792402234973,8.735634801122202,0.1020254674670303,3.124139532102774,3.517132894461003,0.18951321540090219,0.16141140760217024,0.15502129228204298,0.18951321540090219,1502.9328857866665,1478.159898893333,1486.3785038299995,1502.9328857866665,1.3483743807334563,0.16141140760217024,0.15502129228204298,COMPLETE
223,0.21445879642430654,2025-08-21 08:58:17,2025-08-21 11:33:24,0 days 02:35:07,78.19586375238734,-0.5709755038545076,12.302607668954902,-0.7640271010262,8.61195757299762,0.09670823418881112,3.1805117231352784,3.4738858193448143,0.21445879642430654,0.20661560308518986,0.2070056729926747,0.21445879642430654,1149.3411409966668,1112.08721638,1145.7636536433333,1149.3411409966668,1.1926102131359135,0.2070056729926747,,COMPLETE
224,0.1043536479048968,2025-08-21 09:09:47,2025-08-21 11:41:23,0 days 02:31:36,84.22375220343905,-0.47168509056873187,12.485790623793172,-0.7642662762496477,2.939799518829725,0.10228412861194067,4.7045919163135,3.2868316935874224,0.1043536479048968,0.13294305497239844,0.15963442677799,0.1043536479048968,2107.939304906667,2107.939304906667,2107.939304906667,2107.939304906667,1.291030888660014,0.13294305497239844,0.15963442677799,COMPLETE
225,0.16359339689555544,2025-08-21 10:48:27,2025-08-21 13:32:55,0 days 02:44:28,61.638415259646024,-0.6122601429266047,11.531129856348306,-0.8557773659499855,4.8260358599038895,0.414989005706923,2.9849703757228805,2.850771169789267,0.16359339689555544,0.15445338277803133,0.15820128946963227,0.16359339689555544,-172.34993587666668,-254.25970125333333,-172.34993587666668,-172.34993587666668,1.0740730975562325,0.15820128946963227,,COMPLETE
226,0.24999398623115798,2025-08-21 11:33:24,2025-08-21 12:13:17,0 days 00:39:53,58.79569995758273,-0.6095043062073959,4.974804635771208,-0.864676755878026,5.200202369970573,0.07506390605725524,4.725739676131553,2.9055348499950338,,,,,,,,,,0.24999398623115798,,PRUNED
227,0.15787751805552216,2025-08-21 11:41:23,2025-08-21 14:13:07,0 days 02:31:44,84.01556226377816,-0.4214145262919248,12.44496607063743,-0.7081965028268319,3.020388991197251,0.07104363549566245,2.945186680261884,3.316801313143383,0.15787751805552216,0.18088575690637046,0.17795393402809725,0.15787751805552216,2825.679335776667,2819.2098970833335,2825.679335776667,2825.679335776667,1.554612002036458,0.17795393402809725,,COMPLETE
228,0.16591669670057274,2025-08-21 12:13:17,2025-08-21 14:44:46,0 days 02:31:29,84.82122129296955,-0.5079437099720554,12.615304981476978,-0.7108372387628639,3.1758894405889677,0.1323977044350303,4.708005103829462,3.1491657196319784,0.16591669670057274,0.1673281139449967,0.19270255647871867,0.16591669670057274,2369.57650141,2369.57650141,2369.57650141,2369.57650141,1.3182487267699476,0.19270255647871867,,COMPLETE
229,0.12384488063575627,2025-08-21 13:32:55,2025-08-21 16:16:06,0 days 02:43:11,87.71994705767173,-0.47752700336738246,12.973183111026922,-0.7108434486074262,2.8841865434430916,0.13121497876683155,4.800680994385335,3.1474293374713924,0.12384488063575627,0.14569175445974245,0.1508451173371291,0.12384488063575627,2661.633791556667,2657.568508433333,2661.633791556667,2661.633791556667,1.42588774631023,0.14569175445974245,0.1508451173371291,COMPLETE
230,0.18493231171440963,2025-08-21 14:13:07,2025-08-21 15:35:38,0 days 01:22:31,87.34611142310109,-0.47915004156489555,17.340046420021306,-0.706835532159172,2.7355210514874955,0.13118171789463812,4.687345758486197,3.2648051300165433,,0.2016757272638651,,,,2861.10335517,,,,0.2016757272638651,0.18493231171440963,PRUNED
231,0.2695745503825521,2025-08-21 14:44:46,2025-08-21 16:11:27,0 days 01:26:41,52.1901764620202,-0.4715536104892335,9.950609326761306,-0.7510990746700357,2.6426927955078714,0.10479079545700824,2.827437156643045,2.788762751377295,,0.18462641519716472,,,,1217.4404842733336,,,,0.2695745503825521,,PRUNED
232,,2025-08-21 15:35:38,2025-08-21 17:44:27,0 days 02:08:49,49.44131961089764,-0.45835419163410257,10.224876870249126,-0.7609737609682631,3.6433418899548213,0.09847364446132768,2.879198244633524,2.771480603525502,,0.1568802285469451,0.1483846667795767,,,1175.5891544033332,1182.3117058833334,,,0.1568802285469451,0.1483846667795767,FAIL
233,,2025-08-21 16:11:27,2025-08-21 17:44:37,0 days 01:33:10,47.673422701294584,-0.5242625940032308,2.101197725099844,-0.779977973575175,1.5587357271829267,0.06439623175462397,3.073425839945551,3.7715124063010017,,0.15909242821844885,0.1792140858897325,,,116.20446471999999,119.73323833333332,,,0.1792140858897325,,FAIL
234,,2025-08-21 16:16:06,2025-08-21 17:43:17,0 days 01:27:11,47.97965352089561,-0.5138557523389992,15.113784955727724,-0.6537612646370533,3.607370712116942,0.16589816951550104,4.79575486207575,3.132815175388571,,0.15686630591567516,0.12123604749320192,,,1569.6023900433331,1569.6023900433331,,,0.15686630591567516,0.12123604749320192,FAIL
